Hotel Name,2015-11-11 - 1,2015-11-11 - 2,2015-11-11 - 3,2015-11-11 - 4,2015-10-14 - 1,2015-10-14 - 2,2015-10-14 - 3,2015-10-14 - 4,2015-11-04 - 1,2015-11-04 - 2,2015-11-04 - 3,2015-11-04 - 4,2015-08-19 - 1,2015-08-19 - 2,2015-08-19 - 3,2015-08-19 - 4,2015-10-28 - 1,2015-10-28 - 2,2015-10-28 - 3,2015-10-28 - 4,2015-10-21 - 1,2015-10-21 - 2,2015-10-21 - 3,2015-10-21 - 4,2015-11-06 - 1,2015-11-06 - 2,2015-11-06 - 3,2015-11-06 - 4,2015-08-12 - 1,2015-08-12 - 2,2015-08-12 - 3,2015-08-12 - 4,2015-11-05 - 1,2015-11-05 - 2,2015-11-05 - 3,2015-11-05 - 4,2015-10-22 - 1,2015-10-22 - 2,2015-10-22 - 3,2015-10-22 - 4,2015-11-12 - 1,2015-11-12 - 2,2015-11-12 - 3,2015-11-12 - 4,2015-10-29 - 1,2015-10-29 - 2,2015-10-29 - 3,2015-10-29 - 4,2015-09-10 - 1,2015-09-10 - 2,2015-09-10 - 3,2015-09-10 - 4,2015-09-09 - 1,2015-09-09 - 2,2015-09-09 - 3,2015-09-09 - 4,2015-11-18 - 1,2015-11-18 - 2,2015-11-18 - 3,2015-11-18 - 4,2015-08-26 - 1,2015-08-26 - 2,2015-08-26 - 3,2015-08-26 - 4,2015-11-10 - 1,2015-11-10 - 2,2015-11-10 - 3,2015-11-10 - 4,2015-11-13 - 1,2015-11-13 - 2,2015-11-13 - 3,2015-11-13 - 4,2015-10-15 - 1,2015-10-15 - 2,2015-10-15 - 3,2015-10-15 - 4,2015-11-21 - 1,2015-11-21 - 2,2015-11-21 - 3,2015-11-21 - 4,2015-09-30 - 1,2015-09-30 - 2,2015-09-30 - 3,2015-09-30 - 4,2015-10-30 - 1,2015-10-30 - 2,2015-10-30 - 3,2015-10-30 - 4,2015-09-16 - 1,2015-09-16 - 2,2015-09-16 - 3,2015-09-16 - 4,2015-09-17 - 1,2015-09-17 - 2,2015-09-17 - 3,2015-09-17 - 4,2015-11-28 - 1,2015-11-28 - 2,2015-11-28 - 3,2015-11-28 - 4,2015-10-01 - 1,2015-10-01 - 2,2015-10-01 - 3,2015-10-01 - 4,2015-11-26 - 1,2015-11-26 - 2,2015-11-26 - 3,2015-11-26 - 4,2015-09-11 - 1,2015-09-11 - 2,2015-09-11 - 3,2015-09-11 - 4,2015-09-18 - 1,2015-09-18 - 2,2015-09-18 - 3,2015-09-18 - 4,2015-10-16 - 1,2015-10-16 - 2,2015-10-16 - 3,2015-10-16 - 4,2015-11-27 - 1,2015-11-27 - 2,2015-11-27 - 3,2015-11-27 - 4,2015-10-02 - 1,2015-10-02 - 2,2015-10-02 - 3,2015-10-02 - 4,2015-10-07 - 1,2015-10-07 - 2,2015-10-07 - 3,2015-10-07 - 4,2015-11-07 - 1,2015-11-07 - 2,2015-11-07 - 3,2015-11-07 - 4,2015-08-28 - 1,2015-08-28 - 2,2015-08-28 - 3,2015-08-28 - 4,2015-08-27 - 1,2015-08-27 - 2,2015-08-27 - 3,2015-08-27 - 4,2015-10-27 - 1,2015-10-27 - 2,2015-10-27 - 3,2015-10-27 - 4,2015-11-03 - 1,2015-11-03 - 2,2015-11-03 - 3,2015-11-03 - 4,2015-08-13 - 1,2015-08-13 - 2,2015-08-13 - 3,2015-08-13 - 4,2015-11-25 - 1,2015-11-25 - 2,2015-11-25 - 3,2015-11-25 - 4
Aloft Harlem,-1,-1,-1,-1,72,-1,32,-1,60,-1,-1,-1,-1,-1,-1,-1,100,-1,-1,-1,34,-1,48,-1,-1,-1,-1,-1,-1,-1,-1,-1,-1,-1,-1,-1,-1,-1,43,-1,-1,-1,-1,-1,-1,-1,-1,-1,14,14,14,14,-1,-1,-1,-1,-1,-1,-1,-1,-1,-1,-1,-1,-1,-1,-1,-1,-1,-1,-1,-1,-1,-1,-1,-1,-1,-1,-1,-1,24,32,-1,-1,83,-1,-1,-1,-1,-1,-1,-1,-1,-1,-1,-1,-1,-1,-1,-1,-1,-1,-1,-1,-1,-1,-1,-1,-1,-1,-1,-1,-1,-1,-1,-1,-1,-1,46,-1,-1,-1,-1,-1,-1,52,62,72,-1,-1,54,-1,-1,-1,-1,-1,-1,9,10,0,-1,-1,-1,-1,-1,42,-1,-1,21,-1,-1,-1,-1,-1,-1,-1,-1,-1,-1,-1
Andaz 5th Avenue - a concept by Hyatt,-1,40,65,-1,-1,68,-1,-1,44,65,65,53,-1,-1,-1,43,48,49,-1,-1,-1,64,-1,-1,45,-1,-1,42,-1,-1,20,-1,41,-1,-1,-1,45,-1,-1,-1,44,34,43,45,49,89,-1,-1,63,-1,-1,-1,-1,-1,99,-1,-1,-1,-1,-1,-1,-1,-1,-1,-1,-1,-1,-1,33,35,32,55,72,-1,-1,-1,-1,10,9,1,-1,71,73,-1,34,-1,-1,-1,-1,-1,79,88,48,60,64,96,96,51,79,100,53,64,96,89,44,-1,52,-1,52,73,68,-1,40,75,52,43,53,-1,89,-1,-1,90,46,70,50,-1,71,57,-1,79,-1,-1,-1,-1,79,74,-1,-1,-1,-1,-1,-1,20,-1,-1,-1,-1,-1,-1,-1,-1,-1,-1,-1,-1,0,-1,10,48,48
Andaz Wall Street - a concept by Hyatt,6,19,26,-1,37,55,53,-1,-1,35,50,-1,-1,-1,-1,-1,40,32,50,57,55,40,54,61,33,-1,-1,20,22,20,22,-1,32,32,28,-1,45,48,46,48,22,25,20,9,42,46,48,-1,-1,59,39,40,-1,-1,40,-1,5,-1,-1,-1,-1,-1,-1,-1,-1,22,33,37,29,50,30,-1,-1,33,-1,50,-1,1,0,2,-1,-1,39,100,51,50,35,-1,-1,-1,-1,-1,50,52,51,-1,45,35,-1,-1,-1,41,-1,32,19,23,9,7,-1,-1,-1,-1,52,54,50,51,-1,-1,-1,-1,63,29,23,47,-1,-1,41,-1,77,-1,79,-1,-1,-1,35,-1,-1,-1,-1,-1,11,-1,-1,-1,-1,61,-1,66,68,56,63,70,-1,-1,-1,-1,2,3,1,-1
Baccarat Hotel and Residences New York,-1,-1,-1,-1,-1,-1,-1,-1,-1,-1,-1,-1,-1,-1,-1,-1,-1,-1,-1,-1,-1,-1,-1,-1,-1,-1,-1,-1,-1,-1,-1,-1,-1,-1,-1,-1,-1,-1,-1,-1,10,-1,-1,-1,-1,-1,-1,-1,100,-1,-1,-1,-1,-1,-1,-1,4,-1,-1,-1,-1,-1,-1,-1,-1,-1,-1,-1,10,-1,-1,-1,-1,-1,-1,-1,0,-1,-1,-1,-1,-1,-1,-1,-1,-1,-1,-1,-1,-1,-1,-1,-1,-1,-1,-1,-1,-1,-1,-1,-1,-1,-1,-1,1,-1,-1,-1,-1,-1,-1,-1,-1,-1,-1,-1,-1,-1,-1,-1,-1,86,86,35,-1,-1,-1,-1,-1,-1,-1,-1,-1,-1,-1,-1,-1,-1,-1,-1,-1,-1,-1,-1,-1,-1,-1,-1,-1,-1,-1,-1,-1,-1,-1,-1,-1,-1,-1,-1
Bentley Hotel,-1,-1,-1,-1,-1,-1,-1,-1,-1,-1,-1,-1,-1,-1,-1,-1,-1,-1,-1,-1,25,25,25,25,-1,-1,-1,-1,-1,-1,-1,-1,15,13,13,15,-1,-1,-1,-1,-1,-1,-1,-1,-1,-1,57,-1,-1,-1,-1,-1,-1,-1,-1,-1,-1,-1,-1,-1,-1,-1,-1,-1,-1,-1,-1,-1,-1,-1,-1,-1,-1,-1,97,-1,0,-1,29,-1,-1,-1,-1,-1,-1,44,48,-1,-1,-1,-1,-1,-1,-1,-1,-1,-1,-1,11,-1,-1,-1,-1,-1,-1,-1,-1,-1,-1,-1,-1,-1,-1,-1,-1,-1,-1,-1,-1,-1,-1,-1,-1,-1,-1,-1,-1,-1,-1,-1,-1,-1,-1,-1,-1,-1,-1,-1,-1,-1,-1,-1,5,-1,-1,-1,100,-1,-1,-1,-1,-1,-1,-1,-1,-1,-1,55,55,-1
Best Western Bayside Inn,-1,-1,-1,-1,-1,72,-1,-1,-1,-1,-1,-1,-1,-1,-1,-1,-1,70,59,-1,-1,-1,-1,-1,-1,-1,-1,-1,-1,-1,-1,-1,-1,-1,-1,-1,-1,-1,51,-1,-1,-1,-1,-1,-1,46,-1,-1,-1,85,-1,-1,-1,100,97,-1,-1,-1,-1,-1,-1,-1,-1,-1,-1,-1,-1,-1,-1,-1,-1,-1,-1,-1,-1,-1,20,30,0,-1,-1,72,-1,-1,-1,-1,-1,-1,-1,84,72,-1,-1,83,-1,-1,-1,-1,-1,-1,-1,-1,-1,-1,-1,26,70,-1,74,-1,-1,-1,-1,53,-1,-1,-1,30,51,-1,18,44,66,-1,-1,-1,-1,-1,-1,-1,-1,-1,-1,-1,-1,-1,-1,-1,-1,-1,-1,-1,-1,-1,30,41,9,-1,-1,-1,-1,-1,-1,-1,-1,-1,-1,62,-1,-1
Best Western Bowery Hanbee Hotel,-1,-1,-1,-1,-1,-1,68,-1,-1,-1,-1,-1,-1,-1,-1,-1,-1,-1,68,-1,-1,-1,71,-1,-1,-1,-1,-1,-1,-1,-1,-1,-1,-1,-1,-1,69,71,66,-1,1,0,0,2,-1,-1,-1,-1,-1,73,65,-1,-1,65,65,-1,-1,-1,-1,-1,-1,-1,-1,-1,-1,-1,-1,-1,11,15,-1,-1,-1,-1,68,-1,-1,-1,-1,-1,77,83,100,-1,-1,48,57,-1,-1,-1,75,-1,-1,-1,-1,-1,-1,-1,21,15,-1,-1,-1,-1,-1,-1,-1,-1,-1,78,-1,-1,-1,-1,-1,-1,-1,-1,-1,-1,-1,-1,-1,-1,-1,58,58,-1,-1,78,78,-1,-1,-1,-1,-1,-1,-1,-1,-1,-1,-1,-1,-1,-1,78,78,-1,-1,-1,-1,-1,-1,-1,-1,-1,-1,-1,-1,-1
Best Western Plus Arena Hotel,-1,-1,-1,-1,-1,-1,63,-1,-1,-1,-1,-1,-1,-1,-1,-1,-1,-1,-1,-1,-1,87,71,67,-1,-1,-1,-1,-1,-1,-1,-1,-1,-1,-1,-1,-1,-1,-1,-1,-1,-1,-1,-1,-1,-1,-1,-1,-1,-1,-1,-1,-1,-1,-1,-1,-1,-1,-1,-1,-1,-1,-1,-1,-1,-1,-1,-1,-1,-1,-1,-1,-1,-1,-1,-1,-1,-1,-1,-1,-1,-1,-1,-1,-1,35,-1,-1,-1,-1,-1,-1,-1,-1,-1,-1,30,0,-1,-1,-1,-1,-1,-1,-1,-1,-1,-1,-1,-1,-1,-1,-1,-1,-1,-1,-1,69,100,-1,-1,50,-1,-1,-1,-1,-1,-1,-1,-1,-1,-1,-1,-1,-1,-1,-1,-1,-1,-1,-1,-1,-1,-1,-1,-1,82,-1,-1,-1,-1,-1,-1,-1,-1,-1,-1,-1,-1,-1
Best Western Plus Newark Airport West,-1,-1,-1,-1,-1,-1,-1,-1,-1,100,-1,-1,-1,-1,-1,-1,-1,-1,25,-1,-1,-1,-1,-1,-1,-1,-1,-1,60,-1,-1,-1,-1,-1,-1,-1,-1,45,-1,-1,-1,-1,-1,-1,-1,-1,-1,-1,-1,-1,36,26,-1,-1,-1,-1,-1,-1,-1,-1,-1,-1,-1,-1,-1,-1,-1,-1,-1,-1,-1,-1,-1,-1,-1,-1,-1,-1,-1,0,-1,-1,51,-1,-1,18,-1,-1,-1,-1,53,-1,-1,-1,-1,-1,-1,18,-1,-1,-1,-1,-1,-1,-1,21,-1,-1,-1,-1,47,-1,-1,39,-1,-1,-1,63,-1,-1,9,20,-1,-1,-1,-1,-1,-1,-1,-1,-1,-1,16,28,-1,-1,-1,-1,-1,-1,-1,-1,-1,-1,-1,-1,36,25,-1,-1,-1,-1,-1,-1,-1,-1,-1,-1,-1,-1
Blakely New York,-1,-1,-1,-1,86,81,64,86,-1,-1,-1,-1,-1,-1,-1,-1,-1,-1,90,-1,82,82,100,82,40,40,40,37,-1,-1,-1,-1,-1,40,40,39,-1,-1,-1,-1,-1,-1,-1,-1,-1,81,92,-1,-1,-1,-1,-1,-1,-1,-1,-1,-1,-1,-1,-1,-1,-1,-1,-1,-1,-1,-1,-1,-1,-1,-1,-1,64,76,81,64,8,8,8,8,-1,-1,-1,-1,-1,-1,-1,-1,-1,-1,-1,-1,-1,-1,-1,-1,-1,-1,-1,-1,-1,-1,-1,-1,-1,-1,-1,-1,-1,-1,-1,-1,-1,-1,-1,-1,78,78,73,78,-1,-1,-1,-1,-1,-1,-1,-1,-1,-1,-1,-1,-1,-1,-1,-1,-1,-1,-1,-1,-1,0,-1,-1,82,82,82,82,38,-1,38,36,-1,-1,-1,-1,10,10,10,9
Cassa Hotel 45th Street,44,21,23,35,58,68,99,74,-1,42,66,28,17,22,29,27,58,53,87,82,82,83,91,98,-1,16,-1,-1,27,31,40,42,23,72,35,70,70,72,50,-1,16,15,22,-1,25,-1,68,-1,-1,61,61,70,-1,-1,67,71,20,2,5,39,13,20,15,34,-1,45,4,-1,20,16,38,-1,55,64,65,76,0,7,9,-1,-1,-1,-1,-1,-1,58,-1,-1,-1,72,75,75,57,50,61,100,23,-1,-1,-1,-1,81,70,87,46,15,15,-1,69,59,-1,-1,-1,48,-1,-1,-1,32,-1,-1,37,28,-1,-1,-1,54,69,81,-1,100,90,100,18,45,-1,-1,-1,9,25,-1,14,-1,9,8,-1,51,66,-1,-1,64,15,71,20,49,25,34,23,25,24,30
Chelsea Inn,-1,-1,-1,-1,-1,-1,-1,-1,-1,-1,-1,-1,-1,-1,-1,-1,-1,-1,82,-1,-1,-1,-1,-1,-1,-1,-1,-1,-1,-1,-1,-1,-1,-1,-1,-1,-1,-1,-1,-1,-1,-1,-1,-1,-1,-1,83,-1,-1,-1,-1,-1,-1,-1,-1,-1,-1,-1,-1,-1,-1,-1,-1,-1,-1,-1,-1,-1,-1,-1,-1,-1,84,92,100,-1,-1,-1,-1,-1,-1,-1,-1,-1,-1,-1,-1,-1,-1,-1,-1,-1,-1,-1,-1,-1,-1,8,0,-1,-1,-1,-1,-1,-1,-1,-1,-1,-1,-1,-1,-1,-1,-1,-1,-1,-1,-1,-1,-1,-1,9,-1,-1,-1,-1,-1,-1,-1,-1,-1,-1,-1,-1,-1,-1,-1,-1,-1,-1,25,25,25,25,-1,83,-1,-1,-1,-1,-1,-1,-1,36,-1,-1,-1,-1,-1,-1
Comfort Inn Times Square South Area,-1,40,38,-1,-1,94,-1,-1,40,39,-1,-1,-1,-1,-1,-1,-1,-1,-1,-1,88,88,85,88,49,48,49,49,48,51,58,-1,51,47,47,47,-1,-1,-1,-1,-1,30,-1,-1,-1,-1,-1,-1,-1,-1,-1,-1,-1,-1,-1,-1,-1,-1,-1,-1,-1,66,-1,-1,49,53,48,45,12,35,-1,-1,85,87,-1,-1,0,-1,-1,-1,-1,-1,-1,-1,-1,41,-1,-1,-1,-1,-1,-1,-1,-1,-1,-1,-1,-1,43,32,64,64,64,-1,54,54,54,54,-1,-1,-1,-1,-1,-1,-1,-1,80,100,92,-1,-1,48,50,-1,-1,84,-1,75,-1,-1,-1,-1,-1,-1,-1,-1,-1,-1,-1,-1,-1,-1,-1,-1,-1,-1,-1,-1,54,79,66,66,-1,-1,-1,-1,-1,-1,-1,-1
Conrad New York,63,35,54,72,47,56,65,-1,-1,58,73,-1,17,19,27,36,52,58,62,83,-1,-1,-1,100,70,64,46,55,-1,33,32,47,-1,21,16,10,-1,91,97,100,-1,62,46,31,-1,76,70,-1,-1,57,-1,-1,-1,-1,69,-1,27,35,51,61,21,24,31,-1,-1,64,69,74,70,64,70,-1,-1,70,59,49,-1,1,0,5,-1,-1,-1,100,74,82,68,-1,-1,-1,-1,-1,-1,-1,76,75,72,64,75,-1,-1,-1,97,100,-1,-1,49,66,89,77,-1,-1,67,59,53,75,80,70,59,-1,84,68,72,76,73,63,53,79,-1,-1,87,98,75,65,65,-1,36,-1,35,-1,37,29,24,21,-1,58,61,68,-1,-1,76,90,39,30,27,33,30,25,21,19
Courtyard New York Manhattan Times Square West,-1,-1,-1,-1,-1,-1,-1,-1,-1,-1,-1,-1,0,9,91,-1,-1,-1,-1,-1,-1,-1,-1,-1,-1,-1,-1,-1,83,-1,-1,-1,-1,-1,-1,-1,-1,-1,-1,-1,-1,-1,-1,-1,-1,100,-1,-1,-1,-1,-1,-1,-1,-1,-1,-1,-1,-1,-1,-1,33,41,61,-1,-1,-1,-1,-1,-1,-1,-1,-1,-1,-1,-1,-1,-1,-1,-1,-1,-1,-1,-1,-1,-1,-1,-1,-1,-1,-1,-1,-1,-1,-1,-1,-1,-1,-1,-1,-1,-1,-1,-1,-1,-1,-1,-1,-1,-1,-1,-1,-1,-1,-1,-1,-1,-1,-1,-1,-1,-1,-1,-1,-1,-1,-1,-1,-1,-1,-1,-1,-1,-1,-1,-1,-1,-1,-1,-1,-1,-1,-1,-1,-1,-1,-1,-1,-1,-1,-1,-1,-1,-1,-1,-1,-1,-1,-1,-1,-1
Courtyard Newark Elizabeth,0,-1,-1,-1,-1,-1,-1,-1,-1,-1,54,-1,-1,-1,-1,-1,-1,-1,-1,-1,-1,-1,-1,-1,-1,-1,-1,-1,-1,-1,-1,-1,-1,-1,-1,-1,-1,57,-1,-1,-1,43,-1,-1,-1,-1,-1,-1,-1,70,48,-1,17,30,52,-1,-1,-1,-1,-1,20,39,-1,-1,-1,17,-1,-1,-1,-1,-1,-1,-1,74,-1,-1,-1,-1,-1,-1,-1,-1,-1,-1,-1,-1,-1,-1,-1,-1,-1,-1,-1,-1,-1,-1,-1,-1,-1,-1,-1,62,39,-1,70,43,-1,-1,91,70,54,-1,100,-1,-1,-1,96,-1,-1,-1,-1,-1,-1,-1,81,58,-1,-1,-1,-1,-1,-1,-1,-1,-1,-1,80,58,36,-1,-1,64,42,20,-1,-1,-1,-1,-1,-1,-1,-1,-1,-1,-1,-1,-1,-1,-1,-1
Courtyard by Marriott New York City Manhattan Fifth Avenue,-1,-1,-1,-1,-1,-1,-1,-1,-1,-1,-1,-1,13,15,16,-1,-1,-1,-1,-1,-1,-1,-1,-1,-1,-1,-1,-1,8,9,11,-1,-1,-1,-1,-1,-1,-1,-1,-1,-1,-1,-1,-1,-1,-1,-1,-1,-1,52,47,46,-1,-1,-1,-1,-1,-1,-1,-1,-1,-1,-1,-1,-1,-1,-1,-1,-1,-1,-1,-1,-1,-1,-1,-1,-1,-1,-1,-1,-1,-1,-1,-1,-1,-1,-1,-1,-1,-1,-1,-1,-1,86,-1,-1,-1,-1,-1,-1,-1,-1,-1,-1,-1,-1,-1,-1,-1,62,62,-1,-1,-1,-1,-1,-1,-1,-1,-1,-1,-1,-1,-1,-1,-1,-1,-1,-1,-1,100,-1,-1,-1,-1,-1,-1,-1,-1,-1,-1,-1,-1,0,-1,-1,-1,-1,-1,-1,-1,-1,-1,-1,3,1,-1,-1,-1,-1
Courtyard by Marriott New York Manhattan   Central Park,-1,-1,-1,-1,-1,-1,-1,-1,-1,-1,-1,-1,-1,-1,-1,-1,-1,-1,-1,-1,-1,-1,-1,-1,-1,-1,-1,-1,-1,-1,-1,-1,-1,-1,65,-1,-1,-1,85,87,14,16,12,-1,-1,-1,83,-1,-1,-1,-1,-1,-1,-1,-1,-1,12,16,-1,-1,-1,-1,-1,-1,-1,-1,-1,-1,-1,-1,22,-1,-1,-1,-1,85,-1,-1,-1,6,-1,-1,-1,-1,-1,-1,-1,-1,-1,-1,-1,-1,-1,-1,-1,97,-1,-1,-1,-1,-1,-1,-1,-1,-1,-1,-1,-1,-1,-1,-1,-1,-1,-1,-1,-1,-1,-1,-1,-1,-1,-1,54,-1,-1,-1,-1,-1,-1,-1,-1,-1,-1,-1,-1,-1,-1,0,-1,-1,-1,-1,-1,-1,-1,100,95,-1,-1,-1,-1,-1,-1,-1,-1,-1,23,19,28,-1
Courtyard by Marriott New York Manhattan SoHo,-1,-1,-1,-1,-1,-1,-1,-1,60,-1,-1,-1,20,20,20,-1,-1,-1,-1,-1,-1,-1,-1,-1,-1,-1,-1,-1,14,14,14,-1,-1,-1,-1,48,-1,-1,-1,-1,-1,-1,-1,-1,79,79,-1,79,-1,98,94,96,-1,-1,100,-1,20,-1,-1,-1,27,27,27,-1,-1,-1,-1,-1,-1,-1,-1,-1,72,72,-1,72,-1,-1,-1,-1,-1,-1,-1,-1,-1,-1,-1,-1,-1,-1,-1,-1,-1,-1,-1,-1,-1,-1,-1,-1,-1,-1,-1,-1,-1,-1,-1,-1,-1,-1,-1,-1,-1,-1,-1,-1,-1,-1,-1,-1,-1,-1,-1,-1,-1,-1,-1,-1,-1,-1,-1,-1,-1,-1,-1,-1,-1,-1,36,-1,-1,-1,-1,17,-1,-1,-1,-1,-1,-1,-1,-1,-1,-1,-1,0,-1,-1,-1,-1
Courtyard by Marriott New York Manhattan Times Square,-1,26,-1,-1,-1,-1,-1,-1,38,40,54,-1,-1,-1,-1,-1,-1,68,-1,87,-1,-1,-1,-1,-1,32,30,26,10,-1,-1,-1,-1,-1,21,20,-1,-1,-1,-1,-1,-1,-1,-1,-1,-1,-1,-1,-1,-1,-1,-1,97,100,-1,-1,6,-1,-1,0,-1,-1,-1,-1,-1,-1,47,-1,-1,30,29,-1,-1,-1,-1,-1,-1,-1,-1,-1,-1,-1,-1,-1,-1,-1,-1,-1,-1,-1,-1,-1,-1,-1,-1,-1,-1,-1,70,-1,-1,-1,-1,-1,-1,27,34,-1,-1,-1,-1,-1,-1,-1,-1,-1,-1,-1,-1,-1,30,34,38,-1,-1,-1,-1,-1,-1,-1,-1,-1,-1,52,37,-1,-1,-1,-1,-1,-1,-1,-1,-1,-1,-1,-1,-1,-1,77,79,-1,-1,-1,-1,7,-1,-1,-1,-1
Courtyard by Marriott New York Manhattan Upper East Side,-1,-1,-1,-1,-1,-1,-1,100,-1,-1,-1,-1,-1,-1,-1,-1,-1,-1,-1,43,-1,-1,-1,89,-1,-1,-1,-1,-1,-1,-1,-1,0,-1,-1,-1,-1,-1,-1,-1,-1,-1,-1,-1,-1,-1,-1,-1,-1,-1,-1,-1,-1,-1,-1,13,-1,-1,-1,-1,-1,-1,-1,-1,87,90,-1,-1,-1,-1,-1,-1,-1,-1,-1,-1,-1,-1,-1,-1,-1,-1,-1,36,-1,26,-1,-1,-1,-1,-1,69,-1,-1,-1,-1,25,30,-1,-1,-1,-1,-1,-1,-1,-1,-1,-1,-1,-1,-1,-1,-1,-1,-1,-1,-1,-1,-1,-1,-1,-1,-1,-1,-1,-1,-1,-1,-1,-1,-1,-1,-1,-1,-1,-1,-1,-1,-1,-1,-1,-1,-1,-1,-1,-1,-1,-1,-1,-1,-1,-1,-1,-1,-1,-1,-1,-1,-1,-1
Crowne Plaza Times Square Manhattan,45,-1,-1,-1,-1,90,-1,-1,15,53,-1,-1,31,-1,-1,-1,-1,-1,-1,-1,-1,-1,44,-1,15,56,-1,-1,-1,-1,-1,-1,8,52,-1,-1,84,86,83,-1,33,-1,-1,-1,-1,-1,-1,-1,-1,-1,-1,-1,-1,-1,-1,-1,6,8,9,-1,-1,-1,-1,-1,61,27,-1,-1,27,-1,19,-1,-1,-1,-1,-1,0,-1,-1,-1,-1,-1,-1,-1,-1,28,-1,-1,-1,-1,-1,-1,-1,-1,-1,-1,26,-1,-1,-1,-1,25,29,31,-1,-1,-1,-1,-1,84,68,-1,-1,-1,-1,-1,19,22,24,-1,-1,-1,-1,-1,-1,-1,-1,-1,74,100,-1,-1,56,57,-1,-1,-1,-1,-1,-1,-1,-1,-1,-1,-1,-1,-1,-1,27,58,17,-1,7,8,-1,-1,-1,-1,-1,-1
Days Inn Bronx Near Stadium,-1,-1,-1,-1,-1,-1,-1,-1,-1,-1,-1,-1,-1,-1,-1,-1,-1,-1,-1,-1,-1,-1,-1,-1,-1,-1,-1,-1,-1,-1,-1,-1,-1,-1,-1,-1,-1,-1,-1,-1,-1,-1,-1,-1,-1,-1,-1,-1,-1,-1,-1,-1,-1,-1,-1,-1,-1,-1,-1,-1,-1,-1,-1,-1,-1,-1,-1,-1,-1,-1,57,-1,-1,-1,-1,-1,-1,-1,-1,-1,-1,-1,-1,-1,-1,-1,-1,-1,-1,-1,-1,-1,-1,-1,-1,-1,-1,-1,-1,-1,-1,-1,-1,-1,-1,-1,-1,-1,-1,75,-1,-1,-1,0,-1,-1,-1,-1,-1,-1,-1,-1,-1,-1,-1,0,-1,-1,-1,-1,-1,-1,-1,-1,57,-1,-1,26,100,-1,-1,-1,-1,-1,-1,-1,-1,-1,-1,-1,-1,-1,-1,-1,-1,-1,-1,-1,-1,-1
DoubleTree Suites by Hilton New York City - Times Square,2,2,2,-1,-1,-1,-1,-1,-1,30,16,-1,-1,-1,-1,-1,74,87,-1,-1,-1,-1,-1,89,14,4,5,-1,-1,-1,34,-1,-1,2,5,-1,-1,-1,78,-1,-1,7,-1,-1,-1,-1,-1,-1,-1,58,30,30,41,46,-1,-1,13,15,15,-1,-1,-1,-1,-1,-1,-1,-1,-1,8,2,0,-1,63,67,63,54,-1,20,20,-1,-1,-1,-1,-1,-1,-1,-1,-1,-1,-1,-1,-1,-1,-1,-1,-1,21,13,21,-1,-1,-1,-1,-1,-1,32,28,29,-1,39,39,-1,-1,-1,87,92,-1,35,40,-1,26,15,11,-1,-1,59,-1,-1,-1,-1,-1,100,-1,1,31,-1,-1,-1,-1,-1,-1,-1,-1,-1,-1,-1,-1,-1,-1,-1,-1,-1,13,12,28,-1,-1,-1,-1,-1
DoubleTree by Hilton Hotel New York - Times Square South,-1,12,14,15,31,-1,-1,30,19,20,-1,18,-1,-1,-1,9,-1,29,-1,26,-1,44,-1,-1,25,-1,23,-1,5,9,-1,18,-1,22,-1,-1,-1,-1,22,-1,-1,-1,24,-1,-1,-1,23,-1,34,36,34,38,-1,-1,-1,33,11,11,19,-1,0,10,-1,2,-1,-1,20,-1,-1,22,17,-1,-1,30,29,-1,-1,-1,-1,3,-1,43,42,48,-1,-1,-1,-1,-1,-1,-1,42,-1,-1,-1,-1,-1,-1,-1,-1,-1,29,26,22,-1,-1,12,-1,37,-1,37,34,39,21,17,16,39,-1,-1,29,-1,-1,17,-1,26,23,26,-1,100,91,86,47,-1,-1,-1,-1,-1,-1,-1,-1,-1,-1,11,-1,-1,-1,-1,-1,-1,-1,-1,-1,15,11,-1,-1,23,-1,-1,-1
DoubleTree by Hilton Hotel Newark Airport,-1,-1,-1,-1,-1,24,27,-1,-1,-1,-1,-1,27,10,21,-1,29,32,44,-1,-1,38,44,43,-1,32,27,29,27,15,21,-1,29,21,27,22,30,35,41,-1,-1,-1,-1,32,26,26,26,29,86,38,44,100,-1,-1,-1,-1,-1,-1,-1,-1,-1,-1,-1,-1,-1,-1,-1,-1,-1,-1,33,-1,22,27,-1,-1,-1,3,0,-1,61,35,40,-1,-1,-1,-1,-1,40,18,26,-1,9,15,-1,-1,-1,-1,-1,-1,30,35,60,-1,-1,-1,-1,-1,13,41,55,-1,-1,-1,-1,-1,-1,-1,-1,-1,-1,-1,-1,-1,-1,-1,-1,-1,-1,-1,-1,-1,36,32,27,-1,-1,-1,-1,-1,7,12,-1,-1,-1,32,40,-1,-1,-1,-1,-1,7,12,-1,-1,-1,-1,-1,-1
DoubleTree by Hilton Metropolitan - New York City,16,24,22,33,57,54,76,49,-1,21,27,27,11,-1,-1,-1,67,-1,65,59,66,-1,-1,63,35,16,21,-1,5,7,24,21,-1,27,14,13,54,-1,50,52,12,11,11,10,-1,-1,42,-1,-1,46,-1,-1,60,70,73,71,11,44,-1,15,18,-1,-1,-1,-1,28,-1,-1,44,16,28,21,40,27,27,-1,23,23,20,9,50,53,88,54,-1,47,58,-1,94,80,97,100,-1,60,-1,-1,69,61,39,36,48,48,49,49,-1,13,-1,-1,84,77,61,55,75,65,41,-1,64,59,45,-1,17,28,24,14,52,49,48,63,88,98,88,74,22,27,47,47,-1,6,-1,-1,-1,10,18,-1,-1,-1,72,67,-1,67,34,-1,-1,-1,0,6,-1,-1,18,-1
DoubleTree by Hilton New York City - Chelsea,33,37,34,-1,-1,-1,100,78,41,37,43,41,40,28,12,27,-1,-1,-1,45,-1,-1,-1,-1,43,43,49,-1,26,23,26,30,35,35,34,31,-1,-1,-1,-1,30,26,21,19,51,43,-1,-1,-1,39,-1,76,-1,-1,69,59,-1,-1,14,22,-1,28,34,18,-1,59,40,70,37,33,26,37,-1,52,53,-1,-1,5,2,1,57,71,70,58,57,-1,-1,-1,-1,-1,82,72,-1,40,-1,-1,40,45,44,56,-1,61,-1,54,-1,-1,0,13,-1,-1,60,-1,55,55,-1,50,61,63,62,38,-1,-1,-1,-1,-1,73,-1,-1,84,85,-1,80,-1,65,-1,-1,-1,-1,27,-1,33,22,-1,-1,-1,-1,-1,-1,-1,-1,-1,-1,-1,22,-1,-1,23,-1,-1,0
DoubleTree by Hilton New York City - Financial District,23,23,26,43,59,-1,91,77,31,36,31,47,26,25,25,29,-1,53,75,51,65,-1,88,73,52,43,42,32,29,41,43,51,-1,-1,59,38,58,60,56,59,-1,34,30,32,-1,40,55,20,-1,-1,-1,-1,47,93,-1,53,25,-1,-1,-1,15,17,35,23,-1,38,41,52,35,-1,52,-1,-1,-1,55,61,-1,0,1,5,71,75,77,60,66,64,33,-1,-1,-1,100,92,-1,-1,75,61,-1,64,-1,-1,78,62,56,-1,-1,16,-1,-1,83,95,78,52,65,75,-1,-1,98,90,-1,88,-1,30,-1,-1,71,77,85,87,-1,99,-1,95,-1,-1,45,-1,25,20,19,-1,25,20,9,9,-1,-1,-1,-1,75,66,48,-1,-1,29,24,27,-1,-1,-1,-1
Dumont NYC-an Affinia hotel,-1,-1,-1,-1,55,-1,-1,-1,-1,49,-1,-1,-1,-1,-1,-1,-1,-1,-1,-1,-1,-1,-1,-1,-1,-1,-1,-1,-1,-1,-1,-1,47,52,52,52,-1,-1,90,-1,-1,-1,-1,-1,-1,-1,72,-1,100,94,-1,-1,-1,-1,-1,-1,-1,-1,-1,-1,-1,-1,-1,-1,-1,-1,-1,-1,-1,-1,-1,-1,-1,-1,43,-1,-1,0,2,-1,33,37,81,83,-1,-1,-1,-1,-1,-1,-1,-1,-1,-1,-1,-1,-1,-1,-1,-1,20,23,53,58,-1,-1,-1,-1,-1,-1,52,-1,-1,96,96,79,-1,40,40,61,-1,-1,-1,-1,74,38,28,7,82,-1,-1,-1,-1,-1,-1,-1,-1,-1,-1,-1,-1,-1,-1,-1,-1,80,-1,-1,-1,73,69,-1,-1,0,-1,-1,-1,-1,-1,-1
Eventi Hotel a Kimpton Hotel,-1,34,37,45,49,62,68,-1,41,-1,74,46,-1,13,14,18,78,-1,-1,-1,-1,-1,-1,-1,-1,-1,-1,-1,3,3,4,5,38,34,36,38,69,-1,-1,72,42,33,36,46,-1,-1,-1,-1,38,48,52,76,-1,-1,-1,-1,-1,-1,-1,-1,4,0,7,5,-1,-1,-1,-1,48,42,30,-1,57,61,48,47,32,28,-1,-1,-1,-1,59,65,-1,-1,-1,-1,-1,67,71,77,-1,35,35,-1,-1,-1,-1,-1,-1,-1,-1,-1,-1,-1,-1,-1,-1,70,-1,-1,-1,42,38,-1,-1,-1,-1,-1,-1,-1,-1,-1,66,-1,52,66,100,-1,-1,-1,-1,-1,-1,-1,-1,18,3,8,-1,-1,18,-1,-1,-1,-1,-1,-1,-1,-1,-1,-1,5,3,0,-1,-1,-1,-1
Fairfield Inn by Marriott LaGuardia Airport Flushing,-1,-1,-1,-1,-1,-1,-1,-1,-1,-1,-1,-1,57,29,50,93,-1,-1,-1,-1,-1,-1,-1,86,-1,36,-1,-1,71,86,100,-1,-1,50,14,-1,-1,86,57,-1,29,29,29,-1,-1,43,14,-1,-1,-1,-1,-1,-1,-1,-1,-1,-1,-1,-1,-1,-1,-1,-1,-1,-1,79,79,-1,-1,79,-1,-1,-1,86,36,-1,-1,-1,-1,-1,-1,-1,-1,-1,-1,29,-1,-1,-1,-1,-1,-1,-1,86,64,-1,-1,-1,-1,-1,-1,-1,79,-1,-1,36,0,-1,-1,-1,-1,-1,-1,86,-1,-1,-1,36,-1,-1,-1,0,-1,-1,-1,-1,-1,-1,-1,-1,-1,-1,-1,-1,-1,-1,-1,-1,-1,-1,-1,-1,-1,-1,-1,-1,71,-1,-1,36,50,-1,-1,-1,86,29,-1,-1,-1,-1
Four Seasons Hotel New York,-1,-1,53,56,-1,37,40,42,47,44,53,42,1,5,-1,-1,47,43,40,42,49,67,48,54,56,44,56,-1,1,5,-1,-1,44,44,40,49,-1,-1,48,-1,-1,-1,53,-1,35,37,40,44,-1,-1,52,47,52,53,57,62,-1,-1,-1,-1,-1,5,-1,-1,-1,-1,-1,56,44,44,47,50,35,37,40,-1,42,32,32,32,-1,-1,-1,-1,42,40,37,35,57,57,64,61,44,44,44,47,47,48,43,-1,-1,78,48,57,32,32,32,35,56,50,53,72,-1,-1,-1,-1,32,32,40,36,32,40,37,39,54,37,64,100,-1,-1,53,54,44,53,50,-1,-1,-1,-1,-1,0,3,-1,-1,57,50,53,54,44,44,48,56,-1,-1,-1,-1,30,32,30,30
GEM Hotel - Chelsea an Ascend Hotel Collection Member,-1,-1,-1,-1,-1,-1,-1,-1,-1,-1,-1,-1,-1,-1,-1,-1,-1,77,85,-1,99,-1,-1,-1,46,-1,31,-1,-1,-1,35,-1,-1,-1,-1,-1,-1,-1,-1,-1,-1,-1,-1,-1,-1,-1,-1,-1,-1,-1,-1,-1,-1,-1,-1,-1,-1,-1,-1,-1,-1,-1,-1,-1,-1,-1,-1,-1,-1,-1,-1,-1,-1,-1,-1,-1,-1,-1,0,-1,-1,-1,-1,-1,-1,63,66,62,-1,-1,-1,-1,-1,-1,-1,-1,-1,-1,58,47,-1,-1,69,69,-1,-1,-1,-1,-1,64,-1,-1,-1,-1,-1,-1,-1,-1,-1,-1,-1,44,31,28,-1,42,-1,-1,-1,-1,-1,-1,52,53,-1,-1,-1,-1,-1,-1,-1,-1,-1,-1,-1,-1,100,-1,-1,-1,-1,-1,-1,31,-1,26,-1,-1,-1,-1
Gild Hall A Thompson Hotel,43,33,45,-1,75,-1,84,80,52,-1,49,53,44,38,41,-1,56,47,59,63,-1,65,70,70,-1,-1,-1,-1,54,48,46,-1,-1,-1,-1,-1,58,49,60,-1,26,43,-1,-1,-1,-1,-1,-1,-1,-1,54,49,53,47,53,54,-1,-1,-1,-1,30,31,34,27,46,44,53,57,-1,-1,-1,-1,-1,-1,-1,-1,-1,-1,-1,-1,96,-1,-1,-1,-1,-1,-1,-1,65,-1,-1,-1,-1,-1,-1,-1,39,19,78,100,-1,-1,-1,-1,0,-1,5,-1,-1,67,60,-1,-1,-1,-1,-1,-1,-1,-1,-1,-1,47,51,-1,-1,-1,-1,-1,-1,84,82,94,-1,-1,-1,-1,-1,-1,-1,-1,27,-1,-1,-1,-1,60,-1,-1,63,65,72,70,-1,-1,-1,-1,-1,-1,-1,-1
Grand Hyatt New York,16,24,28,30,60,-1,60,55,44,46,44,64,-1,-1,-1,13,75,66,77,-1,-1,-1,-1,-1,51,54,45,61,18,23,28,30,-1,-1,-1,-1,-1,-1,-1,85,30,19,21,13,-1,66,58,-1,47,-1,47,-1,-1,-1,-1,77,21,38,36,7,1,18,18,27,46,31,43,45,-1,38,27,39,-1,-1,-1,53,14,-1,-1,6,-1,-1,-1,49,78,67,69,72,-1,-1,-1,100,69,69,67,60,75,68,61,-1,-1,59,47,41,10,24,14,0,77,-1,46,39,70,-1,50,60,-1,67,66,70,-1,66,38,26,69,64,50,-1,-1,78,67,70,71,57,67,-1,21,17,-1,17,8,8,11,10,-1,-1,58,67,-1,63,63,62,16,8,13,8,0,6,6,38
Hampton Inn & Suites Staten Island,-1,-1,-1,-1,41,19,43,-1,-1,-1,-1,-1,0,0,-1,-1,-1,-1,-1,-1,100,96,-1,-1,-1,-1,-1,-1,-1,-1,-1,-1,-1,-1,-1,-1,-1,-1,-1,-1,-1,-1,-1,-1,-1,-1,-1,-1,-1,-1,-1,-1,-1,41,-1,-1,-1,-1,-1,-1,14,14,-1,-1,-1,41,41,-1,-1,-1,-1,-1,-1,-1,-1,-1,-1,-1,-1,-1,-1,-1,-1,-1,-1,-1,-1,-1,-1,-1,-1,-1,-1,-1,-1,-1,-1,-1,-1,-1,-1,-1,-1,-1,-1,-1,-1,-1,-1,-1,-1,-1,-1,-1,-1,-1,-1,-1,-1,-1,-1,-1,-1,-1,-1,-1,-1,-1,-1,-1,-1,-1,-1,-1,-1,-1,-1,-1,-1,-1,-1,-1,-1,-1,-1,-1,-1,-1,-1,-1,-1,-1,-1,-1,-1,-1,-1,-1,-1,-1
Hampton Inn JFK Airport,-1,-1,-1,-1,-1,-1,-1,-1,-1,56,-1,-1,-1,-1,-1,-1,32,27,40,36,-1,-1,-1,-1,-1,46,56,-1,-1,-1,-1,-1,-1,56,56,-1,-1,-1,61,-1,-1,-1,-1,-1,0,-1,-1,-1,-1,100,-1,-1,-1,-1,-1,-1,-1,-1,-1,-1,-1,-1,-1,-1,-1,-1,-1,-1,-1,-1,-1,-1,-1,-1,-1,-1,-1,-1,-1,-1,-1,-1,-1,-1,-1,-1,-1,-1,-1,-1,-1,-1,-1,-1,-1,-1,-1,-1,-1,-1,-1,-1,-1,-1,-1,-1,-1,-1,-1,100,74,-1,-1,-1,-1,-1,-1,-1,-1,-1,-1,-1,-1,-1,-1,-1,-1,-1,-1,-1,-1,-1,-1,46,-1,-1,-1,-1,27,-1,-1,-1,-1,-1,56,-1,-1,-1,-1,-1,-1,-1,-1,-1,-1,-1,-1,-1,-1,-1
Hampton Inn Madison Square Garden Area Hotel,19,20,23,21,42,48,58,48,21,24,26,28,32,15,18,31,-1,-1,-1,-1,-1,-1,-1,48,-1,29,25,-1,26,22,27,26,-1,29,29,18,-1,-1,45,40,-1,-1,21,-1,-1,-1,-1,-1,32,33,40,48,-1,-1,51,50,-1,24,-1,-1,5,6,6,28,-1,-1,-1,-1,-1,-1,20,20,-1,49,47,-1,0,-1,-1,-1,53,100,65,68,-1,-1,-1,-1,61,61,71,-1,-1,-1,-1,-1,27,27,-1,22,-1,100,-1,-1,-1,-1,-1,-1,-1,53,42,-1,-1,58,29,-1,48,47,45,42,-1,-1,-1,-1,-1,-1,-1,47,57,-1,-1,61,36,28,-1,-1,-1,6,7,-1,-1,4,22,-1,-1,-1,-1,-1,-1,46,-1,-1,-1,19,-1,-1,-1,-1,-1,-1
Hampton Inn Manhattan Downtown-Financial District,34,29,34,56,71,69,90,-1,39,33,50,49,-1,-1,32,-1,-1,-1,-1,-1,81,65,79,-1,50,44,34,37,-1,28,32,-1,39,33,-1,-1,46,41,-1,36,-1,21,17,22,44,53,50,52,-1,-1,-1,-1,83,62,53,-1,-1,47,58,-1,14,12,16,-1,-1,50,45,50,32,22,21,31,43,48,-1,-1,-1,0,-1,-1,-1,-1,-1,-1,-1,48,-1,-1,-1,66,75,97,57,59,82,84,-1,49,43,-1,65,-1,-1,-1,-1,-1,-1,-1,96,-1,-1,-1,75,64,69,53,-1,-1,66,68,-1,-1,-1,-1,85,-1,82,71,97,100,-1,-1,58,49,50,-1,16,8,-1,-1,-1,10,8,-1,-1,-1,-1,-1,51,44,50,47,14,16,-1,-1,-1,-1,-1,-1
Hampton Inn Manhattan Soho,23,22,25,-1,81,77,80,-1,-1,-1,-1,-1,-1,28,53,54,-1,45,36,50,45,51,77,48,-1,-1,24,24,30,38,48,46,30,73,28,-1,72,73,45,42,44,20,14,17,-1,36,31,-1,53,-1,-1,-1,58,61,-1,67,33,38,36,38,23,31,61,-1,-1,-1,37,48,-1,28,29,-1,51,73,-1,-1,2,0,2,8,89,66,63,71,40,-1,-1,-1,81,-1,-1,-1,81,-1,-1,-1,-1,42,39,-1,49,54,-1,-1,-1,19,21,-1,-1,-1,-1,-1,-1,55,63,-1,-1,-1,43,-1,39,33,30,26,-1,-1,-1,-1,100,-1,-1,73,41,34,-1,-1,-1,17,21,36,-1,-1,14,16,64,-1,46,43,-1,-1,-1,-1,-1,-1,33,-1,-1,-1,22,-1
Hampton Inn Manhattan Times Square Central,-1,38,38,20,44,48,50,46,22,22,-1,24,-1,28,35,-1,63,52,-1,47,-1,29,50,29,-1,20,-1,-1,34,28,-1,-1,-1,-1,19,-1,31,30,23,31,-1,-1,19,24,-1,45,-1,-1,-1,-1,-1,-1,-1,-1,-1,-1,19,-1,-1,20,61,-1,18,39,-1,-1,46,46,-1,-1,-1,-1,-1,29,20,26,-1,2,15,5,57,-1,89,100,54,-1,-1,-1,-1,-1,-1,-1,-1,-1,-1,-1,26,20,23,46,55,43,35,36,43,-1,19,-1,-1,25,-1,-1,-1,-1,-1,-1,49,16,29,35,-1,37,32,-1,57,74,33,-1,-1,-1,-1,-1,-1,20,21,-1,-1,0,-1,-1,40,-1,3,39,50,52,50,-1,-1,-1,29,-1,19,15,12,9,41,-1,-1,37
Hampton Inn Manhattan Times Square South,22,25,26,-1,51,46,51,52,-1,-1,-1,-1,7,12,7,16,-1,-1,-1,-1,-1,-1,-1,73,19,22,22,23,9,-1,18,38,-1,-1,-1,-1,-1,-1,-1,-1,-1,21,-1,12,-1,-1,-1,-1,53,68,-1,-1,100,-1,-1,-1,-1,-1,-1,-1,4,4,5,7,-1,-1,-1,-1,-1,-1,-1,-1,-1,-1,-1,-1,-1,-1,-1,-1,61,78,69,-1,-1,-1,-1,-1,-1,-1,-1,77,-1,64,-1,-1,17,17,17,20,-1,-1,-1,-1,-1,-1,-1,-1,-1,-1,-1,-1,62,64,-1,-1,-1,-1,-1,-1,-1,-1,-1,-1,-1,43,-1,-1,-1,-1,85,91,-1,-1,-1,-1,-1,5,0,1,-1,-1,-1,-1,-1,-1,-1,-1,-1,-1,46,41,14,12,10,7,-1,-1,-1,-1
Hampton Inn Manhattan United Nations,18,31,26,22,42,31,37,37,27,30,33,-1,22,22,21,34,46,44,46,49,51,64,74,53,42,28,30,31,13,15,17,58,-1,28,31,25,-1,-1,50,52,-1,-1,23,21,41,53,48,35,54,49,44,34,82,78,89,-1,-1,-1,-1,-1,12,19,22,26,34,45,48,-1,-1,-1,-1,-1,-1,-1,54,-1,0,0,19,22,-1,-1,100,-1,47,49,36,40,-1,-1,-1,-1,62,47,38,38,56,45,58,65,-1,55,37,28,33,-1,30,21,57,52,38,-1,58,38,39,54,62,69,72,87,-1,-1,35,-1,58,53,35,69,87,92,-1,-1,49,49,-1,-1,-1,-1,-1,-1,-1,-1,23,-1,74,65,74,-1,-1,-1,46,-1,-1,17,44,15,23,27,29,-1
Hampton Inn Manhattan-Seaport-Financial District,35,38,61,-1,-1,84,95,-1,43,46,63,64,-1,30,32,-1,-1,67,81,-1,-1,-1,-1,-1,54,44,43,41,-1,-1,-1,-1,-1,54,-1,-1,-1,-1,-1,-1,57,51,36,36,-1,63,58,-1,-1,89,-1,-1,-1,79,-1,-1,32,44,49,-1,-1,29,43,-1,50,42,45,47,47,42,41,38,96,97,100,-1,-1,15,25,16,89,92,95,-1,71,64,-1,-1,-1,-1,-1,-1,82,86,78,-1,-1,56,52,48,64,66,63,75,35,-1,-1,47,99,-1,-1,-1,-1,78,80,92,-1,-1,-1,-1,-1,42,41,22,100,97,90,-1,-1,-1,-1,-1,49,48,46,-1,-1,25,20,21,-1,-1,-1,0,-1,-1,-1,-1,-1,53,55,-1,44,39,37,27,-1,-1,34,-1
Hampton Inn New York - 35th Street - Empire State Building,-1,28,-1,16,-1,53,56,56,23,24,26,28,-1,-1,35,-1,57,61,61,74,67,69,62,65,34,32,24,22,-1,25,25,-1,39,33,25,17,-1,-1,-1,-1,25,26,6,18,-1,-1,-1,-1,-1,23,30,-1,43,-1,-1,41,12,9,24,29,-1,-1,-1,12,-1,34,-1,-1,24,23,23,11,52,56,-1,-1,-1,5,5,0,-1,67,64,-1,54,40,38,43,79,-1,100,-1,-1,-1,-1,-1,-1,43,34,36,-1,-1,-1,65,-1,15,11,20,-1,65,47,55,-1,57,59,-1,49,42,37,35,-1,18,9,11,-1,-1,-1,-1,93,91,95,82,-1,29,-1,-1,-1,14,-1,-1,-1,-1,8,-1,78,63,70,69,-1,35,37,-1,-1,26,26,22,22,-1,18,18
Hampton Inn New York - LaGuardia Airport,-1,-1,20,-1,-1,-1,-1,-1,-1,-1,-1,-1,-1,-1,-1,-1,-1,-1,-1,-1,-1,-1,-1,-1,-1,-1,-1,-1,-1,-1,-1,-1,-1,-1,-1,-1,-1,-1,-1,-1,-1,100,-1,-1,-1,-1,-1,-1,-1,-1,-1,-1,-1,-1,-1,-1,-1,-1,-1,-1,-1,-1,-1,-1,-1,-1,-1,-1,-1,-1,-1,-1,-1,-1,-1,-1,-1,-1,-1,-1,-1,-1,-1,-1,-1,-1,-1,-1,-1,-1,-1,-1,-1,-1,-1,-1,-1,-1,-1,-1,-1,-1,-1,-1,-1,-1,-1,-1,-1,-1,-1,-1,-1,-1,-1,-1,-1,-1,-1,-1,-1,-1,-1,-1,-1,-1,-1,-1,-1,-1,-1,-1,-1,-1,-1,-1,-1,-1,-1,-1,-1,-1,-1,-1,-1,-1,-1,-1,-1,-1,-1,-1,-1,-1,-1,-1,0,25,-1,-1
Hampton Inn New York Chelsea,-1,-1,-1,-1,-1,-1,-1,-1,-1,-1,-1,-1,-1,-1,-1,-1,-1,-1,-1,-1,-1,-1,-1,-1,57,-1,50,60,-1,-1,-1,-1,56,53,-1,42,-1,72,70,60,-1,-1,39,35,-1,65,-1,-1,-1,-1,-1,-1,-1,-1,-1,84,-1,-1,-1,-1,-1,-1,-1,-1,64,-1,-1,-1,-1,-1,-1,-1,79,74,-1,72,1,1,1,0,-1,-1,-1,-1,75,76,43,44,-1,-1,-1,-1,100,90,83,79,-1,50,-1,-1,-1,-1,-1,67,-1,-1,-1,30,79,94,84,88,89,68,67,62,82,69,-1,-1,-1,-1,36,44,96,77,72,68,-1,-1,-1,-1,-1,-1,-1,-1,-1,-1,-1,-1,-1,-1,-1,-1,-1,-1,-1,-1,-1,-1,-1,-1,-1,34,31,27,-1,-1,-1,-1
Hampton Inn Times Square North,-1,-1,-1,-1,-1,-1,53,-1,-1,-1,-1,-1,-1,-1,-1,-1,-1,-1,-1,-1,66,53,-1,-1,21,21,-1,-1,15,-1,-1,29,-1,-1,-1,-1,-1,-1,-1,48,-1,-1,-1,-1,-1,-1,-1,-1,-1,-1,50,54,-1,100,-1,-1,-1,-1,-1,-1,-1,-1,-1,-1,-1,-1,-1,-1,-1,-1,-1,-1,-1,-1,-1,17,-1,-1,2,-1,63,64,60,-1,-1,-1,-1,-1,-1,74,-1,65,-1,-1,-1,-1,-1,-1,-1,-1,53,51,31,29,-1,-1,0,-1,-1,53,50,-1,-1,-1,50,-1,-1,-1,-1,-1,-1,-1,-1,-1,-1,41,39,52,-1,-1,-1,-1,18,-1,-1,-1,-1,-1,3,-1,7,-1,-1,-1,-1,-1,-1,-1,-1,-1,-1,-1,-1,-1,-1,-1,-1,-1,-1,-1
Hilton Garden Inn New York Central Park South-Midtown West,30,37,44,16,52,66,54,52,38,39,42,26,19,14,11,18,60,43,-1,78,58,61,65,59,-1,42,28,-1,11,25,15,24,49,51,48,33,-1,45,-1,50,-1,-1,-1,-1,54,-1,48,55,-1,48,57,-1,65,79,-1,-1,46,-1,28,58,41,1,19,8,-1,49,-1,-1,34,34,28,-1,63,59,60,44,-1,-1,-1,-1,89,55,52,52,-1,45,47,-1,100,-1,89,93,-1,74,51,65,-1,-1,-1,-1,61,60,54,53,-1,-1,29,6,73,67,-1,-1,55,52,43,53,-1,49,-1,-1,-1,29,24,17,-1,29,52,69,-1,66,92,63,40,44,-1,-1,-1,29,6,-1,-1,-1,27,0,-1,-1,77,-1,-1,-1,-1,-1,-1,19,19,13,-1,-1,-1,18
Hilton Garden Inn New York Long Island City,13,16,17,-1,-1,71,74,-1,-1,-1,-1,-1,6,-1,-1,-1,-1,-1,-1,-1,-1,57,64,63,-1,-1,-1,-1,20,-1,-1,-1,-1,-1,-1,-1,37,38,-1,34,-1,-1,-1,-1,-1,-1,-1,-1,-1,32,-1,-1,-1,-1,-1,-1,-1,-1,-1,29,9,-1,-1,20,-1,18,19,30,-1,10,12,13,-1,34,-1,33,0,0,-1,-1,-1,-1,44,-1,-1,-1,-1,-1,77,-1,-1,94,-1,-1,-1,-1,-1,25,23,21,42,29,26,33,-1,-1,-1,-1,-1,-1,-1,-1,-1,69,90,100,-1,60,-1,-1,16,17,12,9,-1,28,-1,-1,-1,-1,-1,-1,-1,-1,-1,-1,-1,-1,17,-1,-1,12,12,6,-1,-1,-1,-1,-1,-1,-1,-1,-1,-1,-1,-1,0,1,-1,-1
Hilton Garden Inn New York Manhattan-Chelsea,-1,20,18,33,-1,47,46,47,36,33,34,35,18,17,15,16,-1,-1,-1,-1,-1,44,46,47,-1,-1,-1,-1,-1,31,-1,17,-1,-1,-1,-1,-1,38,42,-1,28,17,16,16,-1,-1,-1,-1,-1,69,38,-1,-1,54,51,-1,-1,-1,-1,-1,-1,16,-1,15,-1,-1,22,24,-1,16,-1,-1,-1,-1,-1,-1,-1,0,0,2,-1,-1,44,44,-1,28,-1,-1,81,73,80,-1,52,56,61,-1,-1,-1,-1,-1,-1,-1,-1,-1,22,34,-1,-1,50,45,49,51,60,35,40,-1,-1,-1,-1,-1,42,38,37,38,63,57,-1,-1,100,-1,90,69,-1,-1,-1,-1,25,7,8,-1,-1,-1,8,12,-1,-1,-1,-1,-1,-1,49,53,-1,-1,-1,-1,-1,-1,32,19
Hilton Garden Inn New York Manhattan-Midtown East,33,27,-1,26,-1,-1,81,81,46,-1,59,-1,14,20,18,-1,62,-1,-1,60,65,57,-1,95,-1,-1,-1,-1,22,31,-1,-1,-1,-1,-1,-1,-1,-1,67,67,-1,-1,42,34,62,60,61,54,-1,-1,-1,-1,-1,67,-1,-1,-1,-1,26,-1,5,5,6,20,-1,-1,-1,-1,44,-1,-1,-1,-1,76,68,-1,-1,16,16,16,67,59,80,-1,74,-1,-1,72,80,80,85,-1,-1,78,90,-1,-1,-1,53,54,-1,-1,-1,-1,-1,-1,-1,-1,-1,-1,-1,-1,81,100,66,-1,74,82,-1,-1,-1,-1,36,-1,-1,65,64,-1,-1,96,-1,-1,44,-1,65,-1,30,18,16,-1,-1,19,0,7,-1,-1,-1,-1,-1,-1,-1,-1,-1,27,17,17,-1,-1,-1,-1
Hilton Garden Inn New York Midtown Park Ave,25,32,-1,-1,75,58,60,58,40,45,35,41,21,18,23,18,47,51,60,49,53,60,55,57,36,32,29,27,17,19,23,27,-1,-1,-1,-1,-1,-1,44,78,-1,-1,-1,-1,-1,38,34,34,-1,43,45,30,44,43,51,-1,29,25,-1,23,11,17,11,18,-1,-1,-1,-1,26,29,35,23,-1,47,39,45,-1,19,9,0,-1,-1,-1,-1,47,36,42,49,76,78,91,100,60,58,60,-1,50,39,-1,-1,47,42,36,45,12,14,24,30,55,-1,47,-1,49,45,45,49,-1,-1,-1,-1,-1,35,27,25,56,51,55,45,-1,-1,71,68,35,38,38,47,27,15,17,21,-1,8,11,6,-1,62,66,-1,-1,-1,-1,-1,-1,17,15,9,-1,33,12,-1
Hilton Garden Inn New York West 35th Street,10,14,18,-1,51,49,49,46,-1,35,27,-1,30,11,11,8,37,-1,-1,32,49,45,43,42,37,36,24,30,19,11,18,9,-1,24,20,17,34,32,34,-1,-1,-1,-1,19,45,38,45,43,44,36,34,26,42,40,47,47,13,22,23,21,2,10,14,9,-1,-1,-1,-1,32,34,17,11,-1,44,38,43,-1,-1,-1,-1,55,58,57,55,49,54,44,44,49,52,57,61,50,39,42,43,43,34,34,-1,-1,51,43,45,-1,6,26,30,49,46,36,44,35,32,24,39,65,60,49,51,-1,26,16,10,59,57,51,46,100,67,65,61,-1,-1,35,-1,11,19,15,19,14,3,0,1,53,56,62,-1,65,56,55,61,13,16,13,12,-1,16,9,29
Hilton Garden Inn New York-Times Square Central,32,-1,37,33,74,71,-1,59,43,41,-1,-1,3,5,20,25,59,64,64,60,78,65,88,63,46,-1,27,42,26,25,29,26,45,39,-1,28,59,62,60,57,44,5,29,31,-1,67,-1,-1,51,46,43,59,-1,57,68,61,20,-1,-1,29,-1,-1,-1,-1,-1,-1,-1,-1,41,-1,-1,-1,73,81,-1,75,-1,-1,-1,-1,-1,71,80,76,-1,61,76,-1,-1,-1,91,94,72,76,42,40,-1,-1,-1,-1,81,-1,-1,70,-1,13,19,-1,83,66,66,-1,71,57,47,63,73,80,65,70,100,55,32,17,93,43,71,76,-1,-1,-1,66,61,40,-1,-1,-1,13,13,4,-1,-1,1,0,-1,65,77,-1,61,-1,-1,-1,-1,-1,-1,3,15,21,26,26
Hilton Garden Inn Times Square,37,36,32,32,82,76,66,77,37,40,-1,33,22,32,26,25,65,71,65,65,-1,68,78,58,27,30,27,-1,39,46,49,39,37,43,31,36,64,66,49,68,-1,21,21,19,61,49,53,43,-1,59,53,66,88,81,75,72,25,36,-1,26,-1,25,23,16,50,49,52,-1,45,21,41,40,69,62,60,76,-1,30,0,6,57,69,80,74,64,59,64,59,83,88,100,96,78,79,69,78,67,47,36,50,60,61,65,50,-1,22,29,31,83,81,71,79,49,46,36,35,59,65,56,73,44,33,22,18,52,49,42,36,75,86,96,83,-1,-1,-1,-1,15,-1,25,14,22,26,23,-1,72,72,72,-1,79,80,74,-1,41,36,33,38,-1,-1,-1,43
Hilton Garden Inn Tribeca,-1,50,47,-1,-1,-1,-1,-1,-1,-1,-1,-1,-1,-1,-1,-1,-1,-1,-1,-1,-1,83,71,-1,53,-1,62,-1,-1,-1,-1,-1,-1,52,58,-1,-1,-1,-1,-1,46,47,-1,65,-1,-1,-1,-1,-1,85,-1,-1,-1,-1,-1,-1,-1,-1,-1,-1,-1,-1,-1,-1,-1,-1,-1,-1,-1,-1,69,59,-1,86,-1,-1,-1,-1,-1,0,-1,-1,-1,-1,-1,-1,-1,-1,-1,-1,-1,-1,-1,-1,-1,-1,-1,56,-1,-1,-1,-1,-1,-1,-1,-1,-1,-1,-1,-1,-1,-1,-1,-1,-1,-1,100,-1,91,93,34,26,-1,-1,-1,-1,-1,-1,-1,-1,-1,-1,-1,-1,-1,-1,-1,-1,-1,-1,-1,-1,-1,-1,-1,-1,-1,-1,-1,-1,-1,-1,-1,-1,-1,28,-1,-1,-1,-1
Hilton Manhattan East,24,26,31,49,-1,55,62,66,38,41,40,46,-1,10,7,12,48,52,-1,-1,56,67,-1,92,42,35,27,39,-1,23,17,7,-1,-1,37,23,-1,-1,-1,48,23,28,22,-1,38,47,46,45,-1,-1,-1,-1,-1,-1,-1,-1,-1,-1,-1,-1,-1,-1,13,-1,-1,37,38,-1,47,47,44,-1,72,65,57,47,-1,3,0,-1,-1,80,86,91,56,-1,-1,-1,-1,87,100,80,-1,77,69,51,56,-1,-1,-1,-1,78,-1,-1,-1,-1,16,13,50,40,35,35,-1,69,62,83,66,69,66,58,-1,-1,-1,-1,59,48,62,58,56,94,68,88,55,44,-1,-1,32,29,20,21,-1,1,0,-1,-1,-1,-1,-1,-1,-1,-1,-1,-1,14,10,13,-1,-1,-1,-1
Hilton New York Fashion District,23,29,34,-1,44,-1,43,54,34,31,34,37,-1,-1,-1,-1,37,42,70,-1,-1,53,81,82,48,47,35,33,-1,17,19,-1,44,36,28,27,-1,-1,-1,-1,-1,-1,23,14,58,60,54,-1,-1,-1,53,45,45,49,-1,-1,24,19,53,38,-1,2,0,3,42,-1,-1,37,48,42,-1,25,-1,-1,-1,-1,-1,-1,-1,-1,-1,-1,70,82,53,-1,-1,-1,-1,-1,-1,-1,-1,-1,-1,-1,-1,-1,-1,-1,-1,-1,-1,-1,-1,29,30,-1,100,-1,54,-1,-1,-1,49,45,-1,-1,45,33,42,35,-1,37,-1,57,-1,-1,-1,-1,-1,67,-1,52,46,-1,-1,-1,-1,-1,-1,-1,-1,-1,-1,-1,-1,-1,-1,-1,-1,-1,-1,-1,-1,3,-1,19,31,33
Hilton New York JFK Airport,-1,-1,-1,-1,-1,-1,-1,-1,-1,-1,-1,-1,-1,-1,-1,-1,11,0,35,49,-1,-1,-1,-1,-1,-1,-1,-1,-1,-1,-1,-1,-1,-1,-1,-1,7,22,20,-1,-1,-1,-1,-1,-1,-1,-1,-1,-1,-1,-1,-1,-1,-1,-1,100,-1,-1,-1,-1,-1,-1,-1,-1,-1,-1,-1,-1,-1,-1,-1,-1,-1,-1,-1,-1,-1,-1,-1,-1,-1,4,-1,-1,-1,-1,-1,-1,-1,-1,-1,-1,-1,-1,-1,-1,-1,-1,-1,-1,27,-1,-1,-1,-1,-1,-1,-1,-1,-1,-1,-1,-1,-1,-1,-1,-1,-1,-1,-1,-1,-1,-1,-1,21,18,28,-1,-1,-1,-1,-1,-1,-1,-1,-1,-1,-1,29,-1,-1,-1,-1,-1,-1,-1,-1,-1,-1,-1,-1,-1,-1,-1,-1,-1,-1,-1,-1,-1
Hilton Newark Airport,35,52,68,-1,32,45,58,-1,35,52,68,-1,1,42,31,-1,39,55,71,-1,39,58,77,-1,-1,-1,-1,-1,23,42,42,-1,-1,-1,-1,-1,-1,-1,58,39,-1,-1,52,39,-1,-1,52,35,-1,-1,39,16,10,32,55,-1,13,39,55,77,23,42,42,-1,-1,52,68,84,-1,68,58,-1,100,-1,-1,-1,-1,-1,-1,-1,71,100,-1,-1,-1,68,52,-1,35,52,55,-1,-1,-1,52,-1,-1,-1,45,-1,-1,-1,-1,-1,39,26,-1,16,77,68,45,-1,84,68,-1,-1,-1,-1,-1,-1,39,-1,45,16,-1,-1,-1,-1,-1,-1,-1,-1,-1,68,-1,-1,55,-1,52,-1,-1,-1,42,23,-1,58,74,90,-1,71,81,-1,-1,-1,42,23,0,13,26,39
Hilton Times Square,38,24,41,36,50,54,67,49,35,36,48,47,35,31,44,-1,-1,61,77,62,83,87,94,62,42,51,28,47,33,39,47,-1,48,41,46,33,-1,67,46,63,37,39,21,42,84,-1,42,74,35,76,48,55,-1,-1,67,62,43,24,30,27,14,15,35,30,46,48,47,-1,48,25,26,40,49,-1,53,72,4,17,8,-1,75,79,100,81,55,71,51,-1,-1,68,75,89,63,59,57,55,71,50,34,30,74,68,65,66,-1,16,13,27,62,63,74,68,57,54,40,-1,-1,62,62,-1,-1,29,40,24,67,63,57,77,89,85,83,82,43,51,43,47,-1,-1,19,24,31,2,0,44,-1,87,71,71,-1,50,56,67,33,23,-1,33,-1,-1,13,20
Holiday Inn New York JFK Airport Area,-1,-1,-1,-1,43,-1,-1,-1,-1,-1,-1,-1,-1,-1,-1,-1,12,-1,-1,-1,-1,-1,-1,-1,-1,-1,-1,-1,-1,-1,-1,-1,-1,-1,-1,-1,35,-1,-1,-1,-1,-1,-1,-1,10,-1,-1,-1,69,78,-1,-1,-1,-1,-1,-1,-1,-1,-1,-1,71,79,-1,-1,-1,-1,-1,-1,-1,-1,-1,-1,26,-1,-1,-1,-1,-1,-1,-1,-1,-1,-1,-1,-1,-1,-1,-1,-1,-1,-1,-1,-1,-1,100,-1,-1,-1,15,2,-1,63,-1,-1,0,12,-1,-1,-1,-1,-1,-1,-1,-1,-1,-1,18,-1,-1,-1,2,-1,-1,-1,71,66,-1,-1,-1,-1,-1,-1,-1,-1,-1,-1,80,89,-1,-1,73,83,-1,-1,21,-1,-1,-1,-1,-1,-1,-1,-1,-1,-1,-1,-1,-1,10,-1
Home2 Suites by Hilton NY Long Island City Manhattan View,21,-1,22,22,37,37,50,40,19,24,27,29,-1,-1,-1,-1,19,29,35,33,44,50,56,56,-1,-1,-1,-1,12,14,-1,-1,21,29,-1,-1,-1,-1,-1,-1,-1,-1,-1,-1,-1,-1,-1,-1,52,56,56,-1,69,-1,69,65,0,5,6,12,-1,21,27,31,-1,-1,-1,-1,-1,-1,-1,-1,-1,-1,-1,17,-1,-1,-1,-1,42,-1,-1,100,-1,40,40,-1,-1,-1,-1,-1,-1,-1,-1,-1,-1,-1,-1,-1,-1,-1,-1,-1,-1,4,8,-1,-1,46,-1,-1,-1,-1,-1,-1,-1,-1,-1,-1,8,13,-1,-1,-1,42,40,-1,76,-1,89,-1,-1,-1,-1,-1,-1,8,-1,-1,-1,8,5,-1,-1,31,40,-1,-1,37,-1,-1,-1,-1,-1,-1,-1,-1,-1,-1
Homewood Suites by Hilton NY Midtown Manhattan Times Square,22,17,22,45,60,70,64,57,6,13,21,51,-1,-1,-1,-1,77,73,73,58,-1,-1,-1,65,40,69,67,-1,23,27,32,34,-1,3,64,50,66,55,72,-1,-1,29,-1,-1,-1,64,-1,-1,-1,68,32,45,70,68,77,62,-1,-1,-1,-1,-1,-1,-1,-1,-1,30,45,-1,34,32,14,32,-1,55,55,-1,-1,-1,18,3,79,-1,100,-1,66,81,-1,-1,73,-1,68,68,-1,74,67,45,-1,-1,-1,-1,-1,43,45,66,43,-1,53,-1,77,-1,47,-1,80,51,48,43,70,77,59,71,-1,-1,-1,-1,79,60,-1,-1,-1,-1,-1,-1,71,69,81,-1,48,19,17,45,34,20,5,0,-1,78,73,-1,-1,64,58,-1,44,37,34,23,-1,-1,-1,37
Hotel 48LEX New York,-1,-1,-1,-1,-1,-1,-1,-1,-1,-1,-1,-1,5,-1,-1,-1,80,82,-1,-1,-1,-1,-1,-1,-1,-1,-1,-1,-1,-1,-1,-1,-1,-1,-1,-1,-1,-1,-1,-1,-1,-1,-1,-1,26,-1,-1,-1,-1,-1,-1,-1,-1,-1,-1,-1,-1,0,38,-1,-1,-1,-1,-1,-1,-1,58,-1,-1,-1,-1,-1,-1,-1,-1,-1,-1,-1,-1,-1,-1,62,-1,-1,-1,53,58,-1,-1,99,-1,-1,98,100,-1,-1,-1,-1,-1,-1,-1,-1,-1,-1,-1,-1,-1,-1,-1,-1,-1,-1,-1,-1,-1,-1,-1,-1,-1,-1,-1,-1,-1,-1,-1,-1,-1,-1,-1,-1,-1,-1,71,72,-1,-1,-1,-1,-1,-1,-1,-1,-1,-1,-1,83,-1,-1,-1,-1,-1,-1,-1,-1,-1,12,-1,-1,-1,-1
Howard Johnson Bronx Near Stadium,-1,-1,-1,-1,-1,-1,-1,-1,-1,-1,-1,-1,-1,-1,-1,-1,-1,-1,-1,-1,-1,-1,-1,-1,-1,9,18,-1,-1,-1,-1,-1,-1,-1,-1,-1,-1,-1,-1,-1,-1,-1,-1,-1,-1,-1,-1,-1,40,49,57,-1,-1,43,52,-1,-1,-1,-1,-1,-1,-1,-1,-1,-1,-1,-1,-1,-1,16,25,-1,7,-1,-1,-1,28,38,49,-1,-1,-1,-1,-1,-1,-1,-1,-1,-1,-1,-1,-1,-1,-1,-1,-1,74,87,100,-1,-1,-1,-1,-1,-1,-1,-1,-1,45,53,62,-1,-1,-1,-1,-1,-1,36,45,7,-1,74,87,-1,-1,75,-1,-1,-1,-1,-1,-1,0,9,18,-1,-1,9,20,-1,-1,-1,-1,-1,-1,-1,-1,-1,-1,-1,-1,-1,-1,-1,-1,-1,-1,-1,-1,-1
Howard Johnson Flushing,-1,-1,-1,-1,-1,-1,-1,-1,-1,-1,-1,-1,-1,-1,-1,-1,100,-1,-1,-1,-1,-1,-1,-1,-1,15,-1,-1,-1,-1,-1,-1,-1,-1,-1,-1,-1,-1,-1,-1,-1,-1,-1,-1,-1,-1,-1,85,-1,-1,-1,-1,-1,-1,-1,-1,-1,-1,-1,-1,-1,-1,-1,-1,-1,-1,-1,-1,-1,15,-1,-1,-1,-1,-1,-1,4,15,-1,-1,-1,-1,-1,-1,-1,30,-1,-1,-1,-1,-1,-1,-1,-1,-1,-1,0,10,-1,-1,-1,-1,-1,-1,-1,-1,-1,-1,-1,-1,-1,-1,-1,-1,-1,-1,-1,-1,-1,-1,55,22,32,55,-1,-1,-1,-1,-1,-1,-1,-1,4,15,-1,-1,-1,-1,-1,-1,-1,-1,-1,-1,-1,-1,-1,-1,-1,-1,-1,-1,-1,-1,-1,-1,-1,-1,-1,-1
Howard Johnson Inn Jamaica JFK Airport NYC,17,-1,-1,-1,-1,-1,-1,-1,-1,-1,-1,-1,-1,-1,-1,-1,-1,-1,-1,-1,70,-1,-1,-1,-1,51,61,-1,-1,-1,-1,-1,-1,-1,-1,-1,-1,-1,-1,-1,-1,-1,-1,-1,-1,-1,-1,-1,-1,-1,-1,-1,-1,-1,-1,-1,-1,-1,-1,-1,-1,-1,-1,-1,-1,30,-1,-1,-1,18,-1,-1,-1,-1,-1,-1,0,6,-1,-1,99,-1,-1,-1,-1,82,-1,-1,-1,-1,-1,-1,-1,-1,-1,-1,0,6,-1,-1,-1,-1,-1,-1,-1,-1,-1,-1,-1,-1,-1,-1,-1,-1,-1,-1,-1,74,-1,-1,-1,16,-1,-1,-1,100,-1,-1,-1,-1,-1,-1,33,40,-1,-1,-1,-1,-1,-1,-1,-1,-1,-1,-1,-1,-1,-1,-1,-1,-1,-1,-1,-1,-1,-1,-1,-1,-1,-1
Hudson New York Central Park,-1,-1,-1,-1,-1,-1,-1,-1,-1,-1,-1,-1,-1,-1,-1,-1,-1,-1,-1,-1,-1,-1,-1,-1,-1,37,42,-1,-1,-1,-1,-1,-1,-1,-1,-1,-1,-1,-1,-1,29,-1,21,-1,-1,-1,-1,-1,-1,-1,-1,-1,-1,-1,-1,-1,10,-1,-1,-1,-1,-1,-1,-1,-1,-1,-1,-1,14,0,12,-1,-1,-1,-1,-1,-1,-1,-1,-1,-1,-1,-1,-1,-1,62,-1,-1,-1,-1,-1,-1,-1,-1,-1,-1,-1,-1,-1,-1,-1,-1,-1,-1,-1,-1,19,-1,-1,-1,-1,-1,-1,-1,-1,-1,-1,-1,100,-1,-1,-1,-1,-1,-1,-1,-1,-1,-1,-1,-1,-1,-1,-1,-1,-1,-1,-1,-1,-1,-1,-1,-1,-1,-1,-1,-1,-1,-1,-1,-1,-1,-1,-1,-1,-1,-1,-1,-1,-1
Hyatt Herald Square New York,31,14,18,31,84,68,45,43,46,44,36,39,11,9,-1,45,46,45,-1,49,53,-1,57,54,42,34,34,46,18,30,-1,-1,-1,-1,-1,-1,44,43,46,44,26,14,16,40,-1,32,32,31,54,-1,-1,-1,44,46,55,-1,18,21,20,22,2,0,2,-1,46,-1,32,26,-1,25,22,26,48,57,45,44,4,-1,2,-1,-1,-1,-1,-1,43,42,44,-1,-1,-1,100,-1,-1,-1,-1,84,47,47,47,83,48,50,48,-1,9,21,11,-1,-1,59,57,59,-1,-1,95,-1,43,45,-1,-1,30,29,30,-1,-1,-1,-1,-1,77,86,75,76,-1,27,44,43,23,16,14,23,26,4,16,2,-1,68,89,-1,58,-1,57,-1,-1,-1,-1,21,-1,9,11,22
Hyatt Place Flushing LaGuardia Airport,7,-1,-1,-1,-1,-1,-1,-1,-1,-1,-1,-1,-1,-1,-1,-1,-1,25,-1,-1,-1,-1,-1,-1,-1,-1,-1,-1,-1,-1,-1,-1,-1,-1,-1,-1,-1,-1,-1,-1,28,-1,-1,-1,33,-1,-1,-1,-1,-1,-1,-1,-1,-1,-1,-1,0,1,-1,-1,-1,-1,-1,-1,-1,-1,-1,-1,-1,-1,-1,-1,-1,-1,-1,-1,-1,-1,-1,-1,-1,-1,-1,-1,-1,-1,-1,-1,7,-1,-1,-1,94,-1,51,13,-1,-1,-1,-1,-1,-1,96,-1,-1,-1,-1,-1,-1,-1,-1,-1,100,70,46,-1,-1,-1,-1,-1,-1,-1,-1,-1,-1,78,-1,-1,-1,60,83,81,-1,-1,-1,-1,-1,-1,-1,-1,-1,-1,-1,-1,-1,-1,-1,-1,-1,-1,-1,-1,-1,28,-1,-1,-1,-1,-1,-1
Hyatt Place New York Midtown South,19,10,18,10,-1,-1,-1,-1,27,27,30,35,-1,-1,-1,-1,48,-1,-1,-1,-1,-1,-1,-1,-1,28,27,-1,-1,-1,-1,-1,-1,-1,35,-1,-1,56,46,-1,-1,12,34,-1,-1,-1,53,-1,-1,-1,-1,54,-1,-1,52,-1,-1,9,12,-1,-1,-1,-1,-1,38,38,38,34,-1,21,-1,-1,-1,-1,59,-1,-1,19,2,-1,-1,-1,-1,73,-1,35,56,-1,-1,68,71,73,-1,-1,-1,-1,-1,56,56,-1,-1,-1,-1,-1,8,13,14,8,-1,-1,-1,-1,61,59,-1,61,-1,38,35,-1,46,30,27,27,48,46,-1,46,-1,-1,-1,100,46,46,-1,46,-1,-1,2,0,-1,-1,-1,-1,-1,49,-1,-1,-1,54,53,-1,-1,-1,-1,-1,14,14,21,19
Hyatt Times Square New York,55,-1,-1,-1,100,85,84,73,41,-1,-1,-1,-1,-1,27,-1,-1,-1,-1,-1,-1,-1,-1,-1,-1,65,58,-1,-1,27,27,29,-1,39,36,22,-1,58,65,62,-1,-1,50,-1,-1,-1,76,81,66,65,65,-1,-1,-1,65,-1,-1,-1,-1,-1,23,27,27,26,-1,-1,-1,-1,-1,-1,54,-1,-1,89,85,85,-1,6,0,10,-1,-1,-1,73,-1,74,-1,-1,-1,-1,-1,-1,-1,78,67,67,-1,-1,-1,-1,-1,69,85,78,-1,25,27,-1,-1,82,64,69,81,66,62,70,-1,89,85,-1,-1,24,-1,-1,-1,89,85,91,-1,-1,-1,-1,-1,65,-1,-1,-1,31,23,-1,35,23,23,21,-1,-1,-1,-1,77,53,-1,-1,-1,31,28,-1,21,-1,20,24
Hyatt Union Square New York,62,63,66,66,67,61,-1,72,-1,-1,-1,-1,23,-1,37,-1,-1,67,77,-1,97,-1,95,-1,-1,-1,45,-1,23,-1,24,-1,-1,76,44,-1,-1,73,-1,74,48,52,46,41,60,63,-1,-1,62,70,60,71,74,73,85,88,26,34,42,42,52,-1,-1,-1,-1,-1,68,53,52,53,41,48,63,57,-1,83,-1,-1,0,-1,-1,-1,-1,-1,48,-1,-1,48,-1,-1,-1,-1,-1,-1,-1,-1,73,69,-1,-1,-1,-1,-1,-1,-1,-1,-1,-1,98,-1,76,-1,66,-1,-1,-1,57,71,56,65,56,56,49,54,-1,75,64,64,100,80,89,83,-1,56,61,67,-1,-1,-1,-1,-1,-1,-1,-1,-1,-1,75,65,64,63,66,72,-1,-1,-1,-1,-1,-1,-1,-1
Jet Luxury at the Trump SoHo,-1,-1,-1,-1,-1,-1,-1,-1,-1,-1,-1,-1,-1,-1,-1,-1,-1,-1,-1,-1,-1,-1,-1,-1,-1,-1,-1,-1,-1,-1,-1,-1,-1,-1,-1,-1,-1,-1,-1,-1,-1,-1,-1,-1,-1,-1,-1,-1,89,91,-1,87,-1,-1,-1,-1,-1,-1,-1,-1,-1,-1,-1,-1,-1,-1,-1,-1,-1,-1,-1,-1,-1,-1,-1,-1,-1,-1,-1,-1,-1,-1,-1,-1,-1,-1,-1,-1,-1,-1,-1,-1,-1,-1,-1,-1,-1,-1,-1,-1,100,100,100,100,-1,-1,-1,-1,84,82,-1,82,-1,-1,-1,-1,-1,-1,-1,-1,-1,-1,-1,-1,-1,-1,-1,-1,-1,-1,-1,-1,-1,-1,-1,-1,-1,-1,2,0,-1,-1,-1,-1,-1,-1,-1,-1,-1,-1,-1,-1,-1,-1,-1,-1,-1,-1,-1,-1
Langham Place New York Fifth Avenue,42,41,46,50,60,59,68,73,54,57,65,73,12,14,13,15,44,46,50,-1,49,38,52,56,-1,-1,-1,-1,47,39,49,12,42,-1,-1,-1,40,49,47,-1,-1,41,43,-1,28,-1,58,-1,-1,81,-1,-1,82,87,80,-1,41,51,54,60,9,13,15,23,59,44,48,53,-1,-1,-1,60,53,60,-1,60,-1,-1,-1,-1,52,47,47,56,-1,55,-1,-1,84,76,94,95,61,86,74,-1,-1,-1,56,57,62,61,-1,100,29,-1,-1,-1,-1,74,-1,-1,-1,-1,-1,-1,-1,-1,-1,-1,33,-1,-1,39,61,-1,-1,-1,65,65,78,95,-1,-1,-1,-1,-1,-1,-1,16,1,7,8,-1,69,47,62,54,73,53,64,73,0,39,3,-1,40,40,46,-1
Le Parker Meridien New York,37,39,43,47,-1,63,-1,40,48,53,57,62,-1,-1,-1,-1,-1,-1,-1,-1,-1,57,61,67,58,53,48,-1,-1,-1,-1,-1,52,48,44,44,-1,-1,-1,-1,38,35,30,26,-1,-1,-1,-1,43,47,47,40,-1,-1,-1,-1,-1,-1,-1,-1,0,3,6,-1,-1,48,52,55,61,51,47,-1,51,48,46,41,5,7,10,13,65,71,75,80,-1,-1,-1,-1,58,63,67,73,52,56,59,55,100,97,91,-1,71,70,61,57,-1,-1,-1,-1,69,61,55,-1,73,48,64,58,88,72,66,-1,76,68,65,60,83,78,66,-1,43,47,52,56,70,66,-1,-1,-1,14,11,-1,-1,7,4,1,-1,-1,-1,-1,-1,72,77,73,-1,-1,-1,-1,-1,34,-1,-1
Loews Regency New York Hotel,30,30,31,31,74,62,65,76,26,37,31,40,5,3,5,-1,65,38,37,38,45,47,49,56,26,31,52,30,5,11,5,-1,46,46,39,43,55,62,55,60,54,17,17,17,65,30,28,43,57,65,70,65,65,70,74,78,52,-1,-1,-1,2,3,5,-1,65,35,31,52,35,17,17,43,55,70,76,74,7,12,14,16,-1,87,100,-1,28,30,38,40,-1,70,74,83,-1,76,-1,-1,-1,-1,50,-1,65,70,-1,-1,-1,-1,36,42,70,74,70,100,80,78,76,83,67,63,63,57,-1,-1,36,55,-1,-1,-1,-1,63,62,65,-1,48,52,48,-1,3,5,3,2,2,3,-1,-1,74,70,45,47,47,37,31,49,0,0,-1,-1,24,19,20,23
Magnuson Convention Center Hotel,-1,-1,-1,-1,87,91,89,-1,59,63,63,-1,32,36,33,31,-1,77,77,-1,-1,-1,-1,-1,-1,58,57,54,51,54,54,51,-1,-1,-1,-1,66,70,67,65,25,27,26,24,65,69,-1,-1,75,78,77,77,75,79,78,74,-1,-1,-1,-1,7,9,9,6,44,-1,-1,-1,-1,32,32,29,62,65,63,61,10,12,12,10,80,83,82,-1,53,56,54,52,96,100,-1,-1,75,79,77,77,-1,-1,-1,-1,67,70,76,74,-1,-1,-1,-1,-1,55,55,52,76,78,77,74,60,64,63,60,-1,-1,-1,-1,63,63,63,59,-1,-1,-1,-1,52,55,54,51,5,8,8,6,0,2,2,0,69,73,73,70,-1,58,59,55,24,26,27,25,-1,-1,-1,-1
Manhattan NYC-an Affinia hotel,34,36,39,-1,-1,97,-1,-1,46,51,55,48,-1,-1,-1,-1,-1,-1,-1,70,83,76,96,-1,-1,38,40,44,-1,-1,-1,-1,38,42,44,41,65,72,62,71,-1,-1,-1,-1,-1,64,53,60,-1,-1,-1,-1,-1,-1,-1,-1,-1,-1,-1,-1,-1,-1,-1,-1,-1,47,49,-1,26,26,26,26,-1,-1,81,88,10,4,0,2,-1,-1,-1,-1,-1,45,51,58,-1,-1,-1,-1,-1,-1,-1,-1,-1,-1,34,43,-1,69,-1,-1,-1,-1,-1,-1,-1,55,52,49,47,40,44,-1,-1,68,75,73,-1,-1,-1,33,-1,77,76,74,86,93,100,-1,-1,46,50,57,-1,-1,-1,-1,-1,-1,-1,-1,-1,-1,-1,-1,60,59,63,-1,-1,-1,-1,-1,-1,-1,-1,-1
Martha Washington,-1,32,-1,-1,44,48,57,88,36,44,51,54,30,23,26,-1,42,36,50,50,49,42,53,54,-1,-1,-1,-1,52,48,60,59,31,32,41,-1,39,71,38,-1,31,-1,-1,-1,29,-1,38,-1,56,71,68,82,89,64,76,77,21,23,-1,30,-1,-1,-1,-1,-1,37,41,-1,-1,-1,-1,-1,30,46,50,-1,0,1,-1,-1,-1,66,78,77,-1,-1,-1,-1,100,76,80,77,32,40,47,94,36,29,41,45,49,32,55,25,-1,25,38,-1,-1,48,-1,-1,-1,46,-1,-1,-1,29,-1,-1,-1,-1,41,61,-1,41,-1,-1,80,73,89,89,28,42,39,45,-1,-1,-1,-1,-1,-1,-1,-1,-1,49,42,51,-1,37,51,66,38,-1,43,-1,-1,-1,-1,-1
McCarren Hotel & Pool,-1,-1,28,-1,61,63,-1,58,32,-1,24,-1,37,96,-1,-1,-1,-1,-1,27,48,76,67,48,25,31,39,45,-1,-1,52,-1,-1,27,-1,-1,48,-1,42,49,-1,-1,-1,-1,25,29,25,27,56,40,45,-1,-1,52,73,51,-1,-1,-1,-1,24,23,27,25,-1,26,-1,14,19,-1,-1,-1,-1,-1,48,50,0,4,13,23,29,45,45,-1,-1,18,25,-1,100,61,72,60,56,88,52,95,0,-1,-1,-1,51,38,-1,-1,19,12,21,25,-1,48,47,51,84,44,72,76,-1,-1,-1,-1,13,11,14,16,32,51,-1,-1,64,72,44,52,19,26,20,42,14,13,17,-1,26,20,17,21,-1,-1,-1,-1,32,25,-1,36,36,43,39,-1,-1,-1,10,-1
Millenium Hilton,12,31,53,69,56,73,92,78,32,46,48,-1,-1,15,9,28,32,45,62,69,87,62,62,94,64,51,42,18,18,23,23,43,21,0,12,21,58,58,-1,-1,-1,50,17,-1,33,31,30,29,66,-1,46,-1,-1,66,72,48,-1,-1,26,-1,17,6,9,34,-1,43,50,62,64,51,42,65,69,58,54,-1,-1,-1,-1,-1,-1,-1,68,78,65,62,53,54,-1,-1,88,94,-1,-1,-1,37,27,-1,-1,-1,-1,-1,-1,-1,-1,24,18,-1,75,66,72,-1,-1,-1,-1,-1,69,-1,-1,-1,-1,20,-1,-1,-1,-1,-1,72,72,81,69,69,69,-1,43,-1,31,5,-1,-1,34,9,6,-1,-1,47,68,-1,-1,53,69,100,34,23,6,10,-1,-1,6,2
NOMO SOHO,75,63,65,-1,79,86,92,-1,-1,-1,-1,-1,9,-1,24,-1,-1,-1,-1,-1,-1,-1,-1,-1,-1,81,59,65,-1,-1,-1,-1,-1,78,53,51,-1,-1,-1,-1,52,57,60,-1,-1,-1,-1,-1,-1,-1,-1,-1,85,93,100,-1,-1,41,-1,-1,-1,-1,-1,-1,89,94,82,-1,-1,-1,-1,50,-1,86,80,75,11,-1,-1,-1,-1,90,97,-1,-1,-1,-1,-1,81,91,98,-1,-1,-1,-1,-1,-1,-1,51,43,66,72,78,-1,-1,-1,-1,-1,-1,-1,-1,-1,-1,-1,-1,-1,-1,-1,-1,-1,-1,-1,-1,15,-1,-1,-1,66,-1,-1,-1,-1,78,71,85,-1,-1,7,4,0,-1,-1,-1,-1,-1,-1,-1,99,-1,-1,-1,-1,-1,-1,-1,-1,-1,-1,-1,-1
New York Hilton Midtown,-1,41,45,-1,-1,58,64,69,-1,41,38,-1,-1,29,48,32,-1,-1,-1,-1,73,73,75,74,41,26,24,-1,-1,-1,46,47,37,32,-1,26,-1,-1,-1,72,-1,-1,52,27,-1,45,43,-1,-1,48,-1,-1,-1,-1,95,-1,-1,-1,64,83,-1,35,31,-1,-1,-1,44,-1,-1,-1,-1,-1,-1,53,45,-1,49,34,21,7,-1,-1,87,-1,62,-1,-1,-1,-1,-1,-1,-1,-1,-1,-1,-1,-1,-1,-1,-1,-1,100,55,-1,0,52,67,-1,98,-1,-1,-1,86,86,76,-1,-1,-1,75,-1,-1,-1,-1,-1,60,-1,53,-1,-1,-1,95,95,-1,-1,-1,-1,30,30,-1,36,36,30,-1,-1,-1,-1,-1,-1,-1,76,55,-1,-1,-1,36,-1,2,5,9,47
New York Marriott Downtown,-1,29,32,-1,62,67,71,-1,-1,50,53,-1,-1,-1,-1,-1,-1,51,55,-1,49,55,59,-1,28,44,40,-1,-1,-1,-1,-1,44,42,38,34,-1,40,37,33,-1,25,22,18,46,48,44,40,-1,30,-1,82,-1,21,24,-1,-1,13,17,-1,0,-1,-1,-1,-1,-1,-1,-1,-1,-1,38,-1,-1,69,64,59,-1,-1,-1,-1,100,-1,73,-1,71,60,55,-1,-1,-1,89,-1,-1,79,-1,-1,-1,-1,-1,-1,-1,74,69,64,-1,-1,4,1,-1,-1,-1,-1,88,-1,-1,-1,-1,82,77,-1,-1,-1,45,-1,-1,87,82,-1,-1,-1,-1,-1,-1,69,-1,-1,-1,-1,-1,-1,-1,-1,-1,-1,-1,65,69,-1,-1,71,77,-1,-1,-1,-1,-1,-1,-1,-1,-1
New York Marriott East Side,-1,50,-1,-1,-1,64,-1,-1,28,40,-1,-1,9,18,-1,-1,55,67,69,-1,-1,81,-1,-1,-1,67,59,-1,-1,17,-1,-1,-1,33,38,30,-1,51,-1,-1,-1,25,-1,-1,-1,89,-1,-1,-1,56,-1,-1,-1,-1,-1,-1,15,-1,-1,-1,0,7,-1,-1,-1,-1,80,-1,-1,50,53,-1,-1,59,-1,-1,-1,-1,-1,-1,-1,-1,-1,-1,-1,-1,-1,-1,-1,100,-1,-1,-1,70,-1,-1,-1,-1,-1,-1,-1,31,-1,-1,-1,-1,-1,-1,-1,-1,-1,-1,95,-1,-1,-1,-1,-1,-1,-1,-1,-1,-1,-1,-1,-1,-1,-1,-1,92,-1,-1,-1,89,-1,-1,-1,-1,-1,-1,-1,19,-1,5,-1,67,-1,-1,-1,44,62,-1,-1,19,-1,-1,-1,-1,-1,-1
New York Marriott at the Brooklyn Bridge,3,-1,-1,-1,-1,-1,95,-1,18,-1,43,-1,-1,-1,17,-1,36,-1,39,-1,-1,-1,-1,-1,-1,23,-1,-1,12,-1,9,-1,-1,25,23,12,-1,63,61,-1,-1,-1,-1,3,-1,29,27,24,-1,32,32,36,42,50,36,-1,0,-1,-1,-1,-1,-1,7,-1,-1,-1,-1,-1,-1,-1,-1,-1,-1,82,90,92,-1,-1,-1,-1,-1,-1,-1,-1,-1,37,25,-1,-1,-1,66,-1,-1,54,72,-1,-1,-1,-1,-1,-1,87,85,94,-1,27,-1,-1,-1,-1,50,-1,-1,86,-1,-1,-1,98,-1,-1,-1,-1,-1,-1,-1,84,100,-1,-1,-1,-1,-1,-1,-1,-1,-1,-1,-1,-1,-1,-1,-1,14,-1,-1,43,-1,-1,-1,-1,-1,-1,-1,4,9,9,-1,-1,-1,-1
Newark Liberty International Airport Marriott,18,28,42,-1,13,21,36,-1,12,22,36,-1,6,18,36,-1,11,20,36,-1,17,27,41,-1,87,70,-1,-1,12,23,39,-1,-1,49,17,12,-1,50,18,12,-1,52,23,15,-1,48,16,11,-1,65,18,9,2,12,22,-1,17,34,50,-1,0,10,20,-1,-1,29,39,53,84,65,-1,-1,-1,60,20,14,-1,-1,-1,-1,17,29,42,-1,84,68,-1,-1,28,43,52,-1,-1,64,36,22,75,67,-1,-1,-1,58,27,17,78,55,23,10,84,68,-1,-1,78,68,61,-1,100,93,-1,-1,77,59,-1,-1,86,70,-1,-1,30,39,51,-1,86,75,-1,-1,-1,55,-1,-1,-1,46,10,0,-1,25,35,51,-1,22,31,46,-1,52,19,12,-1,-1,-1,-1
Omni Berkshire Place,46,41,50,58,-1,50,52,48,45,-1,33,35,6,6,13,18,-1,-1,-1,-1,-1,-1,-1,-1,59,50,44,40,17,13,17,22,56,35,43,37,-1,-1,-1,-1,-1,57,-1,-1,36,33,35,-1,60,52,48,52,-1,72,92,100,-1,-1,-1,26,0,3,15,14,78,-1,50,61,53,45,-1,40,-1,41,-1,-1,-1,16,15,10,78,-1,-1,-1,-1,-1,-1,-1,-1,73,79,80,-1,-1,-1,-1,85,-1,-1,67,-1,-1,43,39,-1,4,5,31,61,56,52,-1,52,44,39,62,-1,55,-1,-1,55,47,56,53,52,48,45,-1,-1,-1,-1,-1,70,50,49,-1,8,6,11,48,8,5,3,0,-1,-1,-1,-1,-1,-1,-1,-1,13,15,23,27,-1,19,5,-1
Park Hyatt New York,-1,62,64,66,-1,-1,-1,-1,-1,62,64,66,29,-1,9,18,-1,-1,-1,-1,-1,42,44,-1,-1,-1,-1,-1,0,9,9,18,61,62,64,-1,40,42,44,-1,-1,-1,-1,-1,-1,-1,-1,-1,-1,-1,-1,-1,-1,65,-1,-1,-1,62,64,61,-1,-1,-1,-1,-1,-1,64,66,-1,-1,-1,-1,-1,-1,-1,-1,16,14,48,-1,100,61,63,-1,-1,-1,-1,-1,73,-1,-1,-1,-1,-1,71,59,-1,-1,-1,-1,-1,-1,-1,-1,-1,-1,-1,-1,-1,-1,-1,-1,-1,-1,71,-1,-1,-1,-1,-1,-1,-1,-1,-1,-1,-1,-1,-1,-1,62,64,-1,-1,-1,53,-1,-1,-1,-1,-1,-1,-1,-1,-1,-1,-1,-1,-1,-1,-1,-1,-1,18,2,1,0,-1,-1,-1,-1
Quality Inn Convention Center,-1,-1,-1,-1,-1,89,75,-1,-1,-1,-1,-1,26,29,-1,-1,-1,-1,-1,-1,-1,-1,-1,-1,22,30,30,18,64,67,32,64,-1,30,30,30,-1,-1,-1,-1,-1,-1,-1,-1,-1,-1,-1,-1,-1,-1,-1,-1,-1,81,78,75,-1,-1,-1,-1,-1,-1,-1,-1,-1,-1,-1,-1,-1,-1,-1,-1,65,76,84,70,-1,-1,-1,-1,-1,-1,-1,-1,-1,-1,-1,-1,-1,100,-1,-1,-1,-1,-1,-1,49,-1,-1,-1,-1,-1,-1,-1,-1,-1,-1,-1,48,-1,-1,73,-1,-1,-1,-1,65,76,71,-1,-1,59,64,-1,-1,-1,-1,-1,-1,-1,-1,-1,48,-1,-1,-1,-1,-1,-1,-1,0,2,14,-1,-1,-1,-1,-1,34,44,34,19,-1,-1,66,66,-1,-1,-1,-1
Quality Inn Woodside,-1,21,22,-1,-1,100,88,79,-1,30,14,-1,-1,22,16,-1,-1,-1,-1,-1,74,79,91,-1,6,10,15,-1,-1,-1,-1,-1,23,9,15,-1,68,77,100,-1,18,22,28,-1,-1,42,42,-1,-1,-1,49,-1,-1,-1,-1,-1,-1,9,8,-1,-1,38,-1,-1,-1,26,20,16,-1,23,21,18,-1,90,78,-1,-1,7,3,0,-1,-1,-1,-1,-1,35,42,-1,-1,-1,-1,-1,-1,-1,-1,-1,-1,-1,-1,-1,-1,42,100,-1,18,22,28,-1,-1,42,49,-1,-1,-1,-1,-1,-1,81,100,-1,-1,-1,-1,-1,-1,-1,63,79,-1,71,-1,-1,-1,14,9,6,-1,36,36,-1,-1,-1,40,36,-1,40,-1,-1,-1,39,33,-1,-1,49,41,48,-1,21,28,-1
Radisson Martinique on Broadway,32,32,32,32,-1,-1,-1,-1,-1,-1,-1,-1,-1,-1,-1,-1,-1,-1,68,62,-1,72,-1,-1,-1,-1,-1,-1,-1,-1,-1,-1,-1,-1,-1,-1,-1,71,-1,-1,-1,-1,25,-1,-1,-1,57,-1,-1,54,-1,-1,-1,54,-1,-1,-1,-1,-1,-1,-1,-1,-1,-1,-1,-1,-1,-1,30,11,13,30,-1,55,-1,-1,-1,-1,-1,0,-1,-1,-1,-1,-1,59,63,-1,-1,-1,-1,-1,-1,-1,-1,-1,-1,52,49,-1,-1,-1,-1,-1,-1,-1,-1,-1,-1,61,-1,-1,-1,-1,-1,-1,-1,-1,-1,-1,-1,-1,-1,35,59,59,59,59,-1,78,-1,-1,-1,-1,-1,-1,-1,-1,-1,-1,-1,-1,-1,-1,84,75,94,100,-1,-1,-1,-1,-1,-1,-1,-1,31,-1,-1,-1
Ramada Long Island City,-1,-1,-1,-1,-1,-1,-1,-1,-1,-1,-1,-1,-1,-1,-1,-1,-1,-1,-1,-1,-1,-1,-1,-1,12,11,16,-1,-1,-1,-1,-1,-1,19,-1,-1,-1,63,-1,-1,-1,-1,-1,-1,-1,23,-1,-1,-1,78,-1,-1,-1,-1,-1,-1,-1,-1,-1,-1,-1,-1,-1,-1,-1,-1,-1,-1,2,0,11,-1,-1,78,-1,-1,-1,-1,-1,-1,-1,-1,-1,-1,19,-1,-1,-1,-1,-1,-1,-1,-1,78,-1,-1,-1,-1,-1,-1,-1,-1,-1,-1,-1,12,-1,-1,-1,100,-1,-1,72,78,-1,-1,72,69,78,-1,8,6,11,-1,72,78,-1,-1,-1,-1,-1,-1,-1,-1,-1,-1,29,42,47,-1,-1,27,32,-1,-1,-1,-1,-1,-1,-1,-1,-1,-1,7,11,-1,-1,-1,-1,-1
Red Carpet Inn New York City,-1,-1,-1,-1,-1,-1,-1,-1,-1,-1,-1,-1,-1,-1,-1,-1,-1,-1,-1,-1,-1,-1,-1,14,0,15,-1,-1,-1,-1,-1,-1,-1,15,-1,-1,-1,15,-1,-1,-1,15,-1,-1,-1,15,-1,-1,-1,100,-1,-1,-1,-1,-1,-1,-1,-1,-1,-1,-1,-1,-1,-1,-1,-1,-1,-1,0,15,-1,-1,-1,15,-1,-1,-1,-1,-1,-1,-1,-1,-1,-1,0,15,-1,-1,-1,-1,-1,-1,-1,15,-1,-1,-1,-1,-1,-1,-1,15,-1,-1,-1,15,-1,-1,58,75,-1,-1,0,15,-1,-1,0,15,-1,-1,0,15,-1,-1,0,15,-1,-1,-1,-1,-1,-1,-1,-1,-1,-1,42,57,71,-1,-1,23,40,-1,-1,-1,-1,-1,-1,-1,-1,-1,-1,100,-1,-1,-1,-1,-1,-1
Renaissance Newark Airport Hotel,0,14,33,-1,35,60,-1,78,25,41,-1,-1,-1,-1,-1,86,25,45,-1,-1,-1,-1,-1,-1,80,-1,51,-1,-1,-1,-1,86,-1,57,-1,29,-1,62,-1,37,-1,60,12,2,-1,55,-1,25,-1,57,-1,21,19,35,53,-1,-1,10,31,-1,23,37,-1,82,-1,49,66,92,82,-1,41,-1,-1,55,100,33,-1,-1,-1,-1,23,39,-1,-1,76,53,43,-1,-1,35,51,-1,-1,-1,-1,27,-1,60,-1,-1,-1,62,-1,23,76,51,11,3,72,-1,33,-1,70,-1,37,-1,72,82,62,-1,72,-1,35,-1,82,-1,43,-1,51,-1,-1,-1,78,74,-1,-1,80,-1,39,-1,-1,64,-1,23,-1,51,-1,-1,-1,-1,-1,-1,-1,-1,-1,-1,-1,-1,-1,-1
Residence Inn New York The Bronx At Metro Center Atrium,-1,-1,-1,-1,-1,-1,-1,-1,-1,-1,-1,-1,-1,-1,-1,-1,-1,-1,-1,-1,-1,-1,-1,-1,-1,-1,-1,-1,-1,-1,-1,-1,-1,-1,-1,-1,-1,-1,-1,-1,-1,-1,-1,-1,-1,-1,-1,-1,-1,-1,-1,-1,-1,-1,-1,-1,-1,-1,-1,-1,-1,-1,-1,-1,-1,-1,0,-1,-1,0,-1,-1,-1,-1,-1,-1,-1,-1,-1,-1,-1,-1,-1,-1,-1,0,-1,-1,-1,-1,-1,-1,-1,-1,-1,-1,-1,-1,-1,-1,-1,-1,-1,-1,-1,-1,-1,-1,-1,-1,-1,-1,-1,-1,-1,-1,-1,-1,-1,-1,-1,-1,-1,-1,-1,-1,-1,-1,-1,-1,-1,-1,-1,-1,-1,-1,-1,-1,-1,-1,-1,-1,-1,-1,-1,-1,0,-1,-1,-1,-1,-1,-1,-1,-1,-1,-1,-1,-1,-1
Residence Inn Newark Elizabeth Liberty International Airport,12,19,31,-1,54,-1,100,-1,14,12,24,-1,57,67,78,-1,26,31,46,-1,53,55,97,-1,-1,-1,-1,-1,67,74,83,-1,-1,-1,23,14,-1,-1,58,53,-1,-1,19,12,-1,-1,31,23,-1,-1,64,60,55,62,74,-1,4,17,33,-1,-1,-1,-1,-1,-1,19,26,37,-1,-1,-1,-1,-1,-1,-1,58,-1,-1,-1,-1,-1,-1,-1,-1,-1,-1,-1,-1,60,80,83,-1,-1,-1,76,67,-1,-1,-1,-1,-1,-1,-1,-1,-1,-1,17,4,-1,-1,-1,-1,-1,-1,-1,-1,-1,-1,-1,-1,-1,-1,-1,-1,-1,-1,-1,-1,74,90,87,-1,-1,-1,-1,-1,-1,-1,-1,-1,-1,-1,71,57,-1,37,44,59,60,23,15,27,-1,-1,57,67,0,0,0,11
Residence Inn by Marriott New York Manhattan Midtown East,-1,-1,-1,-1,-1,-1,-1,-1,-1,-1,-1,-1,10,-1,-1,-1,-1,-1,-1,-1,-1,-1,-1,-1,-1,-1,-1,-1,15,18,19,-1,-1,-1,-1,-1,-1,-1,-1,-1,-1,-1,-1,-1,-1,-1,-1,-1,-1,-1,-1,-1,79,84,86,-1,-1,-1,-1,-1,5,7,-1,-1,-1,-1,-1,-1,-1,-1,-1,-1,73,73,73,73,-1,-1,-1,-1,-1,-1,-1,-1,-1,-1,-1,-1,-1,-1,-1,-1,-1,-1,-1,-1,-1,-1,-1,-1,-1,-1,-1,-1,-1,-1,5,3,-1,-1,-1,-1,-1,-1,-1,-1,-1,-1,-1,-1,-1,-1,-1,-1,-1,-1,-1,-1,-1,-1,-1,100,-1,-1,-1,-1,-1,-1,14,11,-1,-1,2,0,-1,-1,-1,-1,-1,-1,-1,-1,-1,27,10,9,-1,-1,-1,-1
Roxy Hotel Tribeca (formerly the Tribeca Grand Hotel),19,-1,-1,-1,-1,-1,-1,-1,-1,-1,-1,-1,-1,-1,-1,-1,-1,-1,-1,-1,-1,-1,-1,-1,-1,54,54,-1,-1,-1,-1,-1,-1,-1,-1,-1,-1,-1,-1,-1,-1,-1,30,8,-1,-1,61,64,-1,-1,-1,-1,-1,-1,-1,-1,41,41,-1,27,-1,-1,-1,-1,-1,-1,-1,-1,-1,52,52,-1,-1,-1,-1,-1,-1,-1,-1,-1,-1,-1,-1,-1,-1,45,45,54,-1,-1,-1,-1,100,-1,-1,-1,-1,30,30,-1,-1,-1,-1,-1,-1,-1,-1,-1,-1,-1,-1,-1,-1,-1,-1,-1,-1,-1,-1,-1,-1,33,-1,34,-1,-1,-1,19,-1,-1,-1,-1,-1,59,-1,-1,-1,-1,-1,-1,-1,-1,-1,-1,-1,-1,-1,-1,-1,-1,-1,-1,-1,-1,-1,-1,-1,-1,0,0
SIXTY Lower East Side,-1,26,-1,-1,-1,52,-1,-1,-1,40,-1,-1,-1,12,-1,-1,-1,42,-1,-1,-1,78,-1,-1,-1,-1,-1,-1,-1,-1,-1,-1,27,29,-1,-1,57,60,-1,-1,18,20,-1,-1,39,42,-1,-1,51,54,-1,-1,-1,-1,-1,-1,23,16,23,23,-1,-1,-1,17,-1,-1,-1,-1,-1,-1,-1,-1,44,47,-1,-1,1,2,-1,0,-1,74,-1,-1,-1,-1,-1,-1,-1,-1,-1,-1,58,61,-1,-1,-1,-1,-1,-1,35,37,-1,-1,8,10,-1,-1,-1,-1,-1,-1,-1,-1,-1,-1,-1,-1,-1,-1,-1,-1,-1,-1,-1,-1,-1,-1,-1,63,100,-1,-1,-1,-1,-1,-1,-1,-1,-1,-1,-1,-1,-1,-1,-1,-1,-1,-1,-1,-1,-1,-1,-1,-1,-1,-1,3,-1,-1
San Carlos Hotel,-1,-1,-1,-1,6,4,5,5,-1,-1,-1,-1,-1,-1,-1,-1,-1,-1,-1,-1,6,5,-1,-1,-1,-1,-1,-1,-1,-1,-1,-1,-1,-1,-1,-1,-1,-1,-1,-1,-1,-1,-1,-1,-1,-1,-1,-1,-1,-1,-1,-1,-1,-1,-1,-1,-1,-1,-1,-1,-1,-1,-1,-1,-1,-1,-1,-1,-1,-1,-1,-1,2,-1,2,2,-1,-1,-1,-1,-1,-1,-1,-1,-1,-1,-1,-1,-1,-1,-1,-1,-1,-1,-1,-1,-1,4,4,-1,-1,-1,-1,-1,-1,-1,0,-1,-1,-1,-1,-1,-1,-1,5,-1,-1,2,2,100,-1,2,2,-1,-1,-1,-1,-1,-1,-1,-1,-1,-1,-1,-1,-1,-1,-1,-1,-1,-1,-1,-1,-1,-1,-1,-1,-1,-1,-1,-1,-1,-1,-1,-1,-1,-1,-1,-1,-1
Shelburne NYC-an Affinia hotel,57,28,39,-1,-1,66,-1,-1,49,35,46,-1,22,-1,-1,-1,-1,-1,-1,74,-1,-1,-1,-1,-1,48,36,50,24,-1,-1,-1,48,-1,-1,47,-1,-1,-1,-1,28,-1,-1,-1,-1,90,77,88,-1,-1,-1,-1,-1,-1,-1,-1,-1,16,26,-1,-1,-1,-1,-1,-1,53,41,52,-1,26,16,27,-1,-1,-1,-1,8,0,9,-1,-1,-1,-1,-1,-1,29,29,100,-1,-1,-1,-1,-1,-1,-1,-1,-1,-1,-1,-1,-1,-1,90,-1,32,-1,-1,46,-1,-1,-1,-1,-1,48,-1,-1,-1,-1,-1,-1,-1,-1,-1,-1,-1,97,91,-1,-1,-1,-1,-1,59,48,61,-1,-1,-1,-1,-1,-1,-1,-1,-1,-1,-1,-1,-1,-1,54,41,52,15,21,-1,-1,47,38,-1,-1
Sheraton LaGuardia East Hotel,-1,-1,-1,-1,-1,-1,-1,-1,-1,-1,42,-1,-1,-1,-1,-1,35,27,19,35,97,85,73,100,-1,0,-1,-1,-1,-1,-1,-1,-1,15,23,-1,78,66,73,-1,-1,-1,-1,-1,49,26,25,33,-1,-1,-1,-1,-1,-1,-1,-1,-1,2,0,24,-1,-1,-1,-1,-1,-1,-1,-1,-1,-1,-1,-1,-1,-1,-1,-1,-1,-1,-1,-1,41,-1,-1,41,62,-1,-1,-1,-1,-1,-1,-1,-1,-1,-1,-1,-1,-1,-1,-1,-1,-1,-1,10,-1,-1,-1,-1,-1,-1,-1,-1,-1,44,-1,-1,-1,85,96,50,-1,-1,-1,-1,35,35,15,-1,-1,36,27,-1,41,33,26,-1,-1,-1,-1,-1,-1,-1,-1,-1,36,27,20,12,-1,-1,24,72,-1,-1,-1,-1,-1,-1,-1,-1
Sheraton New York Times Square Hotel,20,23,-1,-1,-1,68,59,-1,-1,23,49,-1,14,18,-1,-1,-1,36,-1,-1,61,70,60,-1,11,-1,20,-1,-1,-1,-1,-1,-1,33,-1,-1,-1,42,-1,-1,-1,-1,-1,-1,-1,-1,59,-1,-1,50,-1,-1,87,80,87,-1,-1,-1,-1,-1,8,9,17,-1,-1,35,31,-1,49,32,30,23,-1,62,-1,-1,0,20,-1,-1,-1,-1,-1,-1,-1,49,-1,-1,-1,85,92,100,-1,-1,65,-1,-1,85,64,-1,-1,25,-1,-1,-1,-1,-1,-1,-1,56,-1,-1,43,26,25,-1,-1,-1,-1,-1,-1,-1,63,-1,29,34,32,-1,-1,-1,100,-1,-1,-1,-1,-1,26,9,11,-1,-1,17,8,8,-1,-1,71,-1,-1,-1,41,-1,-1,-1,36,-1,-1,-1,-1,-1
Smyth A Thompson Hotel,-1,23,-1,-1,-1,-1,46,48,65,82,83,-1,13,16,18,27,61,-1,-1,-1,-1,-1,-1,-1,-1,-1,73,-1,16,27,29,27,46,-1,-1,80,50,-1,-1,-1,23,-1,-1,-1,-1,-1,-1,-1,59,58,57,62,65,61,66,67,-1,-1,-1,-1,10,9,7,13,-1,-1,-1,-1,-1,-1,-1,-1,-1,-1,-1,-1,-1,-1,-1,-1,51,63,63,52,22,-1,-1,68,67,64,66,55,43,55,-1,-1,-1,-1,50,41,48,-1,-1,-1,-1,-1,-1,7,75,56,69,-1,44,-1,-1,43,-1,-1,-1,-1,-1,-1,33,-1,44,54,-1,-1,44,38,37,42,-1,100,-1,-1,15,5,-1,-1,1,0,8,-1,-1,-1,-1,-1,-1,-1,-1,68,-1,-1,-1,-1,-1,-1,-1,-1
SpringHill Suites by Marriott Newark Liberty International,-1,-1,-1,-1,-1,-1,-1,-1,43,48,-1,-1,-1,-1,-1,-1,-1,-1,56,-1,66,20,-1,-1,-1,-1,35,-1,-1,-1,-1,-1,53,58,-1,-1,-1,20,61,66,11,17,-1,-1,-1,-1,-1,-1,-1,-1,-1,-1,-1,-1,-1,-1,-1,14,-1,-1,-1,-1,-1,-1,45,48,56,-1,46,46,37,35,-1,41,-1,-1,-1,-1,-1,0,-1,-1,-1,-1,-1,24,20,17,-1,-1,-1,-1,-1,-1,-1,-1,-1,-1,-1,-1,-1,-1,-1,-1,-1,31,-1,-1,-1,-1,-1,35,-1,-1,-1,-1,-1,-1,-1,-1,37,40,-1,-1,-1,-1,58,55,100,-1,-1,-1,-1,-1,-1,-1,-1,-1,-1,-1,-1,-1,-1,-1,32,24,24,28,26,25,-1,-1,-1,-1,-1,-1,-1,-1,-1,-1
Super 8 Brooklyn   Park Slope Hotel,-1,-1,-1,-1,-1,-1,-1,-1,-1,-1,-1,-1,-1,-1,-1,-1,-1,-1,-1,-1,-1,-1,-1,-1,-1,-1,-1,-1,-1,-1,-1,-1,-1,-1,-1,-1,-1,-1,-1,-1,-1,-1,-1,-1,-1,-1,-1,-1,-1,-1,-1,-1,-1,-1,100,-1,-1,-1,60,-1,-1,-1,-1,-1,-1,-1,-1,-1,-1,-1,-1,-1,-1,-1,-1,-1,-1,-1,-1,-1,-1,-1,-1,-1,-1,-1,-1,-1,-1,-1,-1,-1,-1,-1,-1,-1,-1,25,-1,-1,-1,-1,-1,-1,-1,-1,-1,-1,-1,100,-1,-1,-1,-1,-1,-1,-1,-1,-1,-1,-1,-1,-1,-1,-1,0,-1,-1,-1,-1,-1,-1,-1,-1,-1,-1,-1,100,-1,-1,-1,-1,-1,-1,-1,-1,-1,-1,-1,-1,-1,-1,-1,-1,12,-1,-1,-1,-1,-1
TRYP By Wyndham Times Square South,-1,-1,-1,-1,-1,-1,-1,-1,-1,-1,-1,-1,-1,-1,-1,-1,-1,-1,-1,-1,-1,-1,-1,-1,-1,-1,-1,-1,-1,-1,-1,-1,-1,-1,-1,-1,-1,-1,-1,-1,-1,-1,9,-1,66,-1,-1,62,-1,-1,-1,-1,-1,-1,-1,-1,-1,-1,-1,-1,-1,-1,-1,-1,24,-1,-1,-1,0,-1,-1,-1,51,-1,-1,-1,-1,-1,-1,-1,-1,-1,-1,-1,-1,-1,-1,72,-1,-1,-1,-1,-1,-1,-1,-1,-1,-1,-1,-1,68,-1,-1,-1,16,-1,-1,-1,-1,-1,-1,-1,-1,-1,-1,-1,-1,-1,-1,-1,-1,-1,-1,-1,88,-1,-1,68,-1,-1,-1,-1,100,-1,-1,-1,26,-1,-1,-1,24,-1,-1,-1,-1,-1,-1,-1,69,-1,-1,-1,-1,-1,-1,-1,-1,-1,-1,-1
The Benjamin,-1,38,39,-1,-1,-1,-1,-1,53,-1,63,-1,-1,-1,-1,-1,59,66,69,-1,-1,86,88,-1,43,50,52,-1,18,22,-1,-1,44,51,53,-1,-1,-1,-1,-1,-1,-1,-1,-1,-1,-1,-1,-1,-1,-1,-1,-1,-1,-1,-1,-1,-1,-1,38,-1,10,13,14,-1,42,45,45,41,33,39,-1,-1,-1,57,59,-1,0,4,-1,-1,-1,-1,-1,-1,43,50,52,-1,-1,-1,-1,-1,-1,-1,-1,-1,-1,-1,-1,-1,-1,-1,-1,-1,-1,-1,-1,-1,50,56,58,-1,-1,-1,-1,-1,-1,-1,-1,-1,-1,-1,-1,-1,36,39,36,-1,61,62,-1,-1,57,64,67,-1,8,-1,-1,-1,5,9,10,-1,-1,-1,-1,-1,-1,-1,100,-1,8,12,-1,-1,-1,-1,-1,-1
The Carlyle A Rosewood Hotel,8,13,18,23,-1,26,29,33,-1,-1,-1,-1,-1,-1,-1,-1,54,61,65,-1,-1,-1,-1,100,-1,-1,-1,-1,-1,-1,-1,-1,-1,-1,-1,-1,-1,-1,-1,-1,21,23,24,-1,-1,-1,-1,-1,29,33,33,29,-1,74,74,-1,-1,-1,-1,-1,-1,-1,-1,-1,-1,13,18,23,-1,-1,-1,-1,-1,-1,-1,-1,-1,-1,-1,-1,-1,-1,-1,-1,-1,-1,-1,-1,39,38,42,47,29,31,33,-1,-1,-1,-1,-1,-1,-1,-1,-1,-1,-1,-1,-1,-1,28,28,29,-1,-1,-1,-1,-1,-1,-1,-1,-1,-1,-1,-1,-1,-1,-1,-1,-1,-1,-1,-1,-1,83,-1,-1,39,54,-1,8,37,39,-1,0,33,33,39,39,-1,-1,-1,-1,-1,-1,-1,-1,-1,-1,-1,-1
The Chatwal a Luxury Collection Hotel New York City,-1,-1,-1,-1,34,53,71,90,-1,-1,-1,-1,-1,-1,-1,-1,-1,-1,-1,-1,-1,-1,-1,-1,-1,-1,-1,-1,-1,-1,-1,-1,-1,-1,-1,-1,-1,-1,-1,-1,-1,-1,-1,-1,-1,-1,-1,-1,-1,-1,-1,-1,-1,-1,-1,-1,-1,-1,-1,-1,-1,-1,-1,-1,0,-1,-1,-1,-1,-1,-1,-1,-1,-1,-1,-1,-1,-1,-1,-1,-1,-1,-1,-1,-1,-1,-1,-1,-1,-1,-1,-1,-1,-1,-1,-1,-1,-1,-1,-1,-1,-1,-1,-1,-1,-1,-1,-1,-1,-1,-1,-1,-1,-1,-1,-1,-1,-1,-1,-1,-1,-1,-1,-1,-1,-1,-1,-1,44,62,81,100,-1,-1,-1,-1,-1,-1,-1,-1,-1,-1,-1,-1,-1,-1,-1,-1,-1,-1,-1,-1,-1,-1,-1,-1,-1,-1,-1,-1
The High Line Hotel,-1,-1,-1,-1,-1,-1,-1,-1,-1,-1,-1,-1,-1,-1,-1,-1,-1,-1,-1,-1,-1,-1,-1,-1,90,97,100,-1,-1,-1,-1,-1,-1,80,-1,-1,89,94,-1,-1,-1,-1,-1,-1,-1,-1,-1,-1,80,86,91,96,-1,-1,-1,-1,-1,-1,-1,-1,-1,-1,-1,-1,-1,-1,-1,-1,-1,-1,-1,-1,-1,-1,-1,-1,0,1,2,-1,-1,-1,-1,-1,-1,-1,-1,-1,-1,-1,-1,-1,-1,-1,-1,-1,-1,-1,-1,-1,-1,-1,-1,-1,-1,25,-1,-1,-1,-1,-1,-1,-1,-1,-1,-1,44,47,49,52,-1,-1,-1,-1,-1,-1,-1,-1,-1,-1,-1,-1,-1,-1,-1,-1,-1,-1,-1,-1,-1,-1,-1,-1,-1,-1,-1,-1,-1,-1,-1,-1,55,-1,-1,-1,-1,14,20,-1
The Kitano New York,-1,-1,-1,-1,-1,-1,-1,-1,-1,-1,-1,-1,-1,-1,-1,-1,-1,-1,-1,-1,-1,-1,-1,-1,-1,-1,-1,-1,96,-1,-1,-1,-1,-1,-1,-1,-1,-1,-1,-1,-1,-1,-1,-1,-1,-1,-1,-1,-1,-1,-1,-1,-1,-1,-1,-1,-1,-1,-1,-1,0,12,-1,-1,-1,-1,-1,-1,-1,-1,-1,-1,-1,-1,-1,-1,-1,-1,-1,-1,65,31,-1,-1,-1,-1,-1,-1,-1,70,-1,-1,54,70,83,88,-1,-1,-1,-1,50,-1,-1,-1,-1,-1,-1,-1,82,100,-1,-1,-1,-1,-1,-1,-1,-1,-1,-1,-1,-1,-1,-1,-1,-1,-1,96,-1,-1,-1,-1,-1,-1,-1,-1,-1,-1,-1,-1,-1,-1,-1,-1,-1,-1,-1,-1,-1,-1,-1,-1,-1,-1,-1,-1,-1,-1,-1,-1
The Lexington New York City Autograph Collection,34,46,-1,-1,49,55,73,85,49,61,-1,-1,-1,-1,-1,-1,45,48,58,-1,66,78,-1,-1,-1,62,60,-1,-1,-1,-1,-1,38,38,34,36,74,69,50,54,-1,-1,-1,34,75,50,60,62,70,61,45,49,63,67,75,74,-1,-1,-1,-1,17,20,7,10,-1,60,-1,-1,-1,-1,46,-1,-1,46,39,40,-1,-1,-1,-1,100,-1,-1,96,66,58,70,-1,85,89,97,95,-1,-1,78,81,79,59,56,-1,-1,-1,62,63,-1,0,19,22,-1,69,64,-1,-1,85,55,-1,-1,54,51,-1,-1,35,23,35,-1,-1,-1,-1,82,-1,-1,99,-1,-1,-1,-1,-1,27,25,-1,-1,-1,13,12,-1,68,76,-1,-1,70,83,-1,-1,-1,-1,-1,4,7,30,-1
The Lombardy,-1,19,-1,-1,-1,-1,-1,-1,-1,-1,-1,-1,-1,-1,-1,-1,100,-1,-1,-1,-1,-1,-1,-1,-1,-1,-1,-1,-1,-1,-1,-1,-1,100,-1,-1,-1,-1,100,-1,-1,-1,-1,-1,-1,-1,-1,100,-1,-1,-1,-1,-1,-1,-1,-1,-1,0,-1,-1,-1,-1,-1,-1,-1,-1,47,-1,-1,-1,-1,-1,-1,-1,-1,-1,-1,-1,-1,-1,-1,-1,-1,-1,-1,-1,-1,-1,-1,-1,-1,-1,-1,-1,-1,-1,-1,-1,-1,-1,-1,-1,-1,-1,-1,-1,-1,-1,-1,-1,-1,-1,-1,-1,-1,-1,-1,-1,-1,-1,-1,-1,-1,-1,-1,-1,-1,-1,-1,-1,-1,-1,-1,-1,-1,-1,-1,-1,-1,-1,-1,-1,-1,-1,-1,-1,100,-1,-1,-1,-1,-1,-1,-1,-1,-1,-1,31,-1,-1
The Mark,-1,-1,-1,-1,-1,-1,-1,-1,-1,-1,-1,-1,-1,-1,-1,-1,-1,-1,-1,-1,-1,-1,-1,-1,-1,-1,-1,-1,-1,-1,-1,-1,-1,-1,-1,-1,-1,-1,-1,-1,-1,-1,-1,-1,-1,-1,-1,-1,-1,-1,-1,-1,-1,-1,-1,-1,-1,-1,-1,-1,-1,-1,-1,-1,-1,-1,-1,-1,-1,-1,-1,-1,-1,-1,-1,-1,-1,-1,-1,-1,-1,-1,-1,-1,-1,-1,-1,-1,-1,-1,-1,-1,-1,-1,-1,-1,-1,-1,-1,-1,-1,-1,-1,-1,-1,-1,-1,-1,-1,-1,-1,-1,-1,-1,-1,-1,-1,-1,-1,-1,-1,-1,-1,-1,-1,-1,-1,-1,-1,-1,-1,-1,-1,-1,-1,-1,-1,100,50,0,-1,-1,-1,-1,-1,-1,-1,-1,-1,-1,-1,-1,-1,-1,-1,-1,-1,-1,-1,-1
The Muse Hotel a Kimpton Hotel,-1,-1,-1,-1,-1,-1,-1,-1,47,49,-1,-1,-1,-1,-1,-1,-1,-1,-1,-1,-1,-1,-1,-1,-1,-1,-1,-1,-1,-1,-1,-1,-1,-1,-1,-1,-1,-1,100,-1,-1,-1,24,31,71,-1,-1,-1,-1,-1,-1,-1,-1,-1,-1,-1,-1,-1,-1,-1,-1,-1,-1,-1,-1,-1,-1,-1,-1,-1,-1,-1,-1,-1,-1,-1,12,5,-1,-1,-1,-1,-1,-1,-1,-1,-1,-1,-1,-1,-1,-1,-1,-1,-1,-1,-1,-1,-1,-1,59,76,65,-1,-1,-1,-1,-1,-1,-1,-1,-1,-1,-1,-1,-1,-1,-1,-1,-1,-1,-1,-1,-1,-1,-1,-1,-1,-1,-1,-1,-1,-1,-1,-1,-1,-1,-1,-1,-1,-1,-1,-1,-1,-1,-1,-1,-1,-1,63,-1,-1,-1,0,-1,-1,-1,-1,17,16
The New York EDITION,-1,-1,31,-1,-1,39,44,-1,-1,-1,31,-1,-1,15,12,-1,-1,39,31,-1,-1,39,31,-1,-1,31,-1,-1,-1,15,12,-1,-1,-1,-1,-1,-1,-1,-1,-1,-1,-1,-1,-1,-1,-1,-1,-1,-1,60,59,-1,-1,50,67,100,-1,-1,11,-1,-1,15,12,-1,-1,-1,35,-1,-1,25,-1,-1,-1,-1,-1,-1,-1,0,-1,-1,-1,37,47,-1,-1,31,-1,-1,-1,28,38,-1,-1,-1,-1,-1,-1,31,-1,-1,-1,-1,-1,-1,-1,-1,-1,-1,-1,38,28,-1,-1,49,39,-1,-1,50,39,-1,-1,21,-1,-1,-1,44,35,-1,-1,50,67,-1,-1,35,-1,-1,-1,12,15,-1,-1,13,13,-1,-1,-1,35,-1,-1,-1,35,-1,-1,13,13,-1,-1,-1,0,-1
The Out NYC,-1,-1,-1,-1,-1,67,46,25,11,20,6,10,-1,-1,-1,-1,60,41,55,59,48,42,42,46,-1,-1,-1,-1,-1,-1,-1,-1,-1,0,-1,-1,40,35,35,40,-1,-1,-1,-1,-1,-1,-1,-1,-1,-1,-1,-1,-1,-1,-1,-1,-1,-1,-1,-1,-1,-1,-1,-1,-1,-1,-1,-1,-1,-1,-1,-1,44,54,62,44,-1,-1,-1,-1,-1,-1,69,-1,49,44,28,-1,-1,-1,-1,-1,-1,-1,-1,-1,-1,-1,-1,-1,37,-1,-1,-1,-1,-1,-1,-1,-1,-1,-1,-1,-1,-1,-1,-1,-1,56,36,-1,-1,-1,-1,-1,-1,-1,-1,34,-1,96,100,-1,-1,-1,-1,-1,-1,-1,-1,-1,-1,-1,-1,-1,7,10,63,70,23,18,18,22,-1,-1,-1,-1,-1,-1,-1,-1
The Pearl New York,-1,-1,-1,-1,-1,-1,-1,-1,-1,-1,-1,-1,-1,-1,-1,-1,-1,-1,-1,-1,-1,-1,-1,-1,-1,-1,-1,-1,-1,-1,-1,-1,-1,-1,-1,-1,-1,-1,-1,-1,-1,-1,-1,-1,-1,-1,-1,-1,-1,-1,-1,-1,-1,-1,-1,-1,-1,-1,-1,-1,-1,-1,-1,-1,-1,-1,-1,-1,-1,-1,-1,-1,-1,-1,-1,-1,-1,-1,-1,-1,-1,-1,-1,-1,-1,-1,-1,-1,-1,-1,100,-1,-1,-1,-1,-1,-1,-1,-1,-1,-1,-1,-1,-1,-1,-1,-1,-1,-1,-1,-1,-1,-1,-1,-1,-1,-1,-1,-1,-1,-1,-1,-1,-1,-1,-1,-1,-1,-1,-1,-1,-1,-1,-1,-1,-1,-1,-1,-1,-1,-1,-1,-1,-1,-1,-1,-1,-1,6,0,0,7,-1,-1,-1,-1,-1,-1,-1,-1
The Peninsula New York,36,38,40,-1,36,38,40,-1,-1,-1,-1,-1,0,35,36,-1,36,38,40,-1,36,38,40,-1,-1,-1,-1,-1,0,35,36,-1,-1,-1,-1,-1,-1,-1,-1,-1,-1,40,38,36,-1,-1,-1,-1,-1,-1,-1,-1,-1,-1,-1,-1,-1,-1,-1,-1,0,-1,-1,-1,-1,38,40,-1,-1,40,38,-1,-1,-1,-1,-1,-1,-1,-1,-1,59,61,62,-1,-1,-1,-1,-1,100,-1,-1,-1,-1,-1,-1,-1,-1,-1,-1,-1,23,23,22,23,-1,-1,-1,-1,-1,-1,-1,-1,-1,-1,-1,-1,-1,-1,-1,-1,-1,-1,-1,-1,-1,-1,-1,-1,36,38,40,-1,-1,-1,-1,-1,-1,-1,-1,-1,-1,-1,-1,-1,-1,38,40,-1,-1,-1,-1,-1,35,32,-1,-1,-1,-1,-1,-1
The Plaza Hotel,36,40,42,39,87,42,97,-1,36,34,36,34,17,14,8,-1,39,35,38,40,87,48,51,98,39,30,31,36,8,11,0,8,47,31,34,34,49,95,77,84,-1,-1,-1,-1,36,34,36,38,-1,-1,-1,-1,-1,67,-1,-1,36,36,34,32,12,12,3,11,39,34,34,32,38,38,38,39,80,84,39,84,35,37,-1,-1,-1,100,93,89,36,33,32,36,-1,-1,98,-1,-1,-1,-1,-1,49,-1,49,46,-1,-1,-1,-1,36,22,22,-1,-1,-1,-1,-1,-1,-1,-1,-1,-1,53,39,42,30,22,30,-1,-1,-1,-1,-1,-1,95,97,97,29,30,31,36,-1,-1,-1,-1,-1,12,8,-1,43,41,-1,-1,-1,35,36,47,-1,9,2,8,23,26,27,42
The Premier Hotel New York,37,20,31,40,-1,-1,-1,-1,-1,-1,-1,-1,-1,-1,-1,-1,-1,-1,-1,41,-1,100,-1,-1,-1,21,25,36,-1,-1,-1,-1,-1,-1,-1,-1,-1,-1,-1,-1,24,14,20,30,-1,-1,16,26,-1,-1,-1,-1,-1,-1,-1,-1,47,-1,-1,-1,-1,-1,-1,-1,49,36,24,12,15,0,4,15,-1,-1,-1,-1,-1,-1,56,70,-1,-1,-1,-1,-1,-1,-1,-1,-1,-1,-1,-1,-1,-1,-1,-1,-1,-1,-1,-1,-1,-1,-1,-1,-1,43,-1,-1,-1,-1,-1,-1,-1,-1,-1,-1,-1,-1,-1,-1,41,45,-1,-1,-1,-1,-1,-1,-1,-1,-1,-1,10,39,28,41,-1,-1,-1,-1,-1,-1,-1,-1,-1,-1,-1,-1,-1,-1,-1,-1,-1,-1,-1,-1,-1,-1,-1,-1
The Roger,57,61,60,61,-1,-1,-1,-1,68,70,68,71,-1,-1,-1,-1,-1,-1,-1,-1,-1,-1,-1,-1,76,79,75,75,-1,-1,-1,-1,69,67,70,66,-1,-1,-1,-1,55,54,55,52,-1,-1,-1,-1,-1,-1,-1,-1,-1,-1,-1,-1,33,-1,-1,-1,-1,-1,-1,-1,77,77,80,79,57,59,56,-1,-1,-1,-1,-1,-1,-1,-1,0,-1,-1,-1,-1,-1,-1,-1,-1,-1,-1,-1,-1,-1,-1,-1,-1,-1,-1,-1,-1,100,100,100,100,45,46,-1,45,-1,-1,-1,-1,-1,-1,-1,-1,-1,-1,-1,-1,-1,-1,65,17,-1,-1,-1,-1,-1,-1,-1,-1,90,86,86,86,-1,-1,-1,-1,-1,-1,-1,-1,-1,-1,-1,-1,-1,91,92,90,-1,-1,-1,-1,41,42,-1,-1
The Roosevelt Hotel New York City,23,21,25,27,58,49,49,48,58,47,75,27,25,11,14,15,55,46,52,59,59,62,62,62,-1,-1,-1,-1,15,-1,-1,15,29,30,25,33,41,48,46,51,15,15,11,-1,39,44,43,46,69,63,28,75,59,-1,-1,-1,24,24,23,27,18,13,14,15,-1,30,32,33,14,18,14,23,44,44,37,100,0,20,1,20,72,-1,-1,54,-1,47,51,-1,-1,79,85,94,42,44,39,70,44,-1,-1,42,42,44,52,52,23,-1,15,-1,-1,52,66,-1,35,17,70,-1,58,44,66,58,37,34,34,-1,94,46,75,-1,-1,73,79,79,48,49,-1,-1,-1,-1,-1,-1,13,11,11,-1,61,51,56,79,35,51,37,51,-1,-1,-1,-1,21,23,25,27
The Shoreham Hotel,-1,-1,-1,-1,-1,-1,-1,-1,-1,-1,-1,-1,-1,-1,-1,-1,-1,-1,-1,-1,40,40,40,40,-1,-1,-1,-1,-1,-1,-1,-1,38,38,38,38,-1,-1,-1,-1,-1,-1,-1,-1,-1,-1,-1,-1,-1,-1,54,-1,-1,-1,55,53,-1,-1,-1,-1,-1,-1,-1,-1,45,45,45,45,-1,-1,-1,-1,-1,-1,-1,-1,-1,-1,-1,-1,-1,-1,-1,-1,-1,-1,-1,-1,-1,-1,-1,76,-1,-1,84,-1,-1,-1,-1,-1,71,-1,-1,-1,-1,-1,-1,-1,-1,-1,-1,-1,100,92,-1,-1,-1,75,-1,-1,-1,-1,-1,-1,-1,-1,-1,-1,-1,-1,-1,-1,-1,-1,-1,-1,-1,-1,-1,-1,-1,-1,-1,-1,-1,-1,-1,-1,-1,-1,-1,-1,-1,-1,-1,-1,-1,-1,-1,0
The St. Regis New York,-1,-1,-1,-1,-1,84,100,-1,-1,48,54,-1,-1,-1,-1,-1,1,7,13,19,-1,-1,-1,-1,-1,64,57,50,-1,-1,-1,-1,70,64,64,70,-1,-1,-1,-1,-1,-1,47,54,12,6,-1,12,-1,-1,-1,-1,-1,-1,-1,-1,-1,-1,-1,-1,-1,-1,-1,-1,-1,-1,-1,-1,-1,64,-1,-1,-1,-1,-1,-1,-1,-1,-1,20,-1,-1,-1,-1,5,-1,0,5,-1,-1,-1,-1,-1,-1,-1,97,-1,-1,-1,-1,-1,-1,77,83,-1,-1,-1,-1,-1,-1,-1,-1,-1,-1,98,-1,90,83,84,69,-1,-1,-1,-1,-1,-1,-1,-1,66,74,81,88,-1,67,60,-1,-1,-1,-1,-1,-1,-1,-1,-1,77,14,20,25,57,-1,44,-1,-1,-1,-1,-1,-1,-1,-1,-1
The Standard East Village,59,56,-1,62,-1,67,69,-1,58,58,63,56,22,13,18,22,48,-1,60,48,-1,67,69,68,55,52,-1,-1,100,-1,-1,-1,47,55,-1,-1,58,62,90,85,33,-1,57,-1,42,-1,-1,-1,70,71,66,-1,-1,-1,-1,-1,-1,42,-1,-1,-1,-1,-1,-1,-1,-1,-1,-1,-1,31,49,-1,-1,-1,-1,-1,-1,-1,-1,-1,70,-1,-1,-1,51,-1,-1,-1,-1,-1,-1,-1,-1,81,86,-1,-1,-1,-1,-1,-1,-1,-1,-1,-1,-1,-1,-1,-1,-1,-1,-1,-1,-1,-1,-1,-1,-1,-1,74,-1,-1,-1,-1,-1,-1,-1,-1,-1,67,-1,-1,37,-1,-1,-1,-1,51,-1,38,39,37,33,31,69,61,64,53,67,67,65,63,27,-1,28,25,5,-1,0,-1
The SunBright,-1,-1,-1,-1,-1,-1,-1,-1,-1,-1,-1,-1,-1,-1,-1,-1,-1,88,-1,-1,-1,-1,100,-1,-1,-1,-1,-1,-1,-1,-1,-1,-1,-1,-1,-1,-1,-1,-1,-1,-1,-1,-1,-1,-1,-1,88,-1,-1,-1,-1,-1,-1,-1,-1,-1,-1,-1,-1,-1,-1,-1,-1,-1,-1,-1,-1,-1,-1,-1,-1,-1,-1,-1,-1,-1,-1,-1,-1,-1,-1,-1,-1,-1,-1,68,87,-1,-1,-1,-1,-1,-1,-1,-1,-1,25,44,-1,-1,-1,-1,-1,-1,0,-1,88,-1,-1,-1,-1,-1,-1,-1,-1,-1,-1,-1,-1,-1,-1,58,76,-1,-1,-1,-1,-1,-1,-1,-1,-1,-1,81,-1,-1,-1,-1,-1,-1,-1,-1,-1,-1,-1,88,70,-1,-1,-1,-1,-1,-1,-1,-1,-1,-1,-1,-1,-1
The Towers of the Waldorf Astoria New York,22,-1,21,-1,35,36,31,34,28,-1,-1,52,-1,-1,2,12,35,-1,-1,-1,-1,-1,-1,-1,-1,-1,-1,40,-1,-1,-1,-1,-1,36,-1,-1,-1,-1,-1,45,-1,-1,-1,-1,-1,23,21,-1,28,31,-1,34,51,55,-1,-1,4,6,12,11,4,7,0,10,41,-1,-1,28,19,-1,-1,-1,-1,-1,24,-1,-1,-1,16,-1,24,28,-1,29,-1,-1,-1,21,-1,-1,48,52,-1,-1,-1,-1,22,18,37,100,30,40,-1,19,-1,-1,-1,27,30,-1,-1,28,-1,-1,-1,-1,32,32,32,28,-1,-1,-1,42,-1,-1,-1,40,-1,-1,-1,-1,10,36,27,32,2,4,9,55,31,36,11,17,45,39,42,-1,69,-1,-1,-1,-1,-1,-1,-1,-1,-1,-1,-1
The Westin New York Grand Central,14,18,20,33,37,53,59,52,27,32,36,43,7,7,10,-1,43,44,49,-1,-1,51,54,-1,-1,-1,26,26,12,19,22,22,-1,22,-1,15,54,-1,-1,42,-1,-1,-1,11,-1,-1,43,-1,-1,58,55,53,-1,52,56,-1,-1,21,24,-1,8,9,12,19,-1,-1,-1,-1,-1,-1,21,-1,-1,-1,-1,36,10,9,-1,-1,54,64,64,-1,51,47,-1,-1,-1,65,72,84,-1,71,68,66,-1,-1,-1,-1,77,-1,-1,48,-1,-1,-1,-1,-1,-1,-1,-1,-1,-1,-1,-1,-1,-1,42,-1,-1,-1,-1,-1,-1,-1,-1,-1,-1,68,74,100,-1,40,36,-1,-1,-1,-1,-1,-1,-1,-1,-1,-1,52,-1,-1,-1,46,51,-1,10,-1,-1,-1,0,0,10,-1
United Nations Apartment Hotel,69,67,82,-1,-1,-1,-1,-1,-1,-1,-1,-1,-1,-1,-1,-1,-1,-1,-1,38,-1,-1,-1,-1,72,64,-1,-1,-1,-1,-1,-1,-1,-1,-1,-1,-1,-1,-1,-1,69,-1,-1,-1,67,82,82,100,-1,-1,-1,-1,-1,-1,-1,-1,69,36,82,-1,-1,-1,-1,0,-1,67,56,79,72,64,-1,-1,-1,-1,-1,-1,38,64,-1,-1,41,-1,-1,-1,56,41,72,-1,-1,-1,-1,-1,-1,-1,-1,-1,90,-1,23,21,-1,-1,-1,-1,-1,-1,-1,-1,-1,-1,-1,-1,-1,-1,-1,-1,-1,-1,-1,-1,-1,69,-1,75,-1,-1,-1,-1,-1,-1,-1,-1,49,-1,-1,-1,-1,-1,-1,28,-1,-1,-1,-1,-1,-1,-1,-1,-1,-1,64,72,-1,-1,-1,-1,-1,36,-1,-1
Viceroy New York,-1,27,32,52,65,60,68,51,41,44,48,44,8,11,14,16,54,60,66,65,57,54,59,67,63,48,42,-1,18,21,39,27,34,32,30,34,47,61,55,78,-1,-1,37,43,55,47,32,33,60,78,74,89,-1,-1,-1,-1,28,36,41,34,0,5,11,13,-1,-1,48,45,47,40,36,46,57,78,65,73,4,4,18,1,76,61,70,70,67,42,45,62,84,65,93,87,47,70,60,85,77,53,-1,-1,51,58,28,-1,22,19,15,25,-1,33,58,-1,73,60,68,68,87,55,76,75,-1,29,44,-1,100,41,64,95,-1,82,90,86,60,57,-1,-1,-1,-1,-1,13,6,7,-1,-1,77,76,73,78,71,68,52,73,16,-1,-1,-1,25,20,23,23
W New York,56,56,56,-1,58,66,70,-1,35,62,38,53,-1,18,22,-1,-1,83,90,68,-1,98,100,-1,-1,53,50,-1,15,15,18,31,-1,-1,-1,62,81,83,88,-1,-1,-1,36,49,-1,77,-1,-1,-1,-1,-1,-1,-1,-1,-1,-1,-1,-1,-1,-1,0,4,8,-1,-1,57,-1,-1,-1,39,56,-1,-1,75,53,-1,-1,4,14,-1,84,69,75,82,-1,-1,75,-1,80,-1,-1,-1,76,79,82,81,-1,86,-1,-1,-1,48,42,36,-1,-1,-1,-1,-1,81,-1,-1,80,74,67,79,-1,-1,-1,-1,-1,59,55,-1,60,55,54,73,60,69,76,83,88,64,78,-1,-1,27,27,-1,-1,-1,-1,-1,-1,-1,-1,-1,-1,79,69,82,-1,14,14,-1,27,-1,-1,-1
W New York - Downtown,-1,-1,-1,-1,-1,-1,-1,-1,-1,-1,-1,-1,-1,-1,-1,-1,-1,-1,-1,-1,-1,-1,-1,-1,-1,82,78,-1,-1,-1,-1,-1,-1,-1,-1,-1,-1,-1,-1,62,-1,-1,-1,-1,-1,-1,-1,-1,-1,-1,-1,-1,-1,-1,-1,-1,-1,-1,-1,-1,21,-1,-1,-1,-1,-1,-1,-1,-1,-1,-1,-1,-1,-1,-1,-1,0,-1,-1,-1,-1,-1,-1,-1,-1,-1,-1,-1,-1,-1,-1,-1,-1,-1,-1,-1,-1,-1,-1,-1,80,-1,-1,-1,-1,-1,-1,-1,-1,-1,-1,-1,-1,94,91,73,-1,-1,-1,-1,-1,65,61,-1,-1,100,97,-1,-1,-1,-1,-1,-1,97,93,75,-1,-1,40,27,-1,-1,-1,-1,-1,-1,-1,-1,-1,-1,-1,-1,-1,-1,-1,-1,-1,-1,-1,-1
W New York - Union Square,59,55,61,68,-1,74,78,-1,-1,63,68,-1,-1,9,-1,-1,70,52,55,-1,60,65,68,-1,64,57,52,-1,-1,0,4,8,-1,62,-1,-1,-1,66,62,59,-1,63,60,56,-1,55,52,49,-1,83,-1,-1,-1,-1,-1,-1,21,24,28,-1,-1,-1,-1,-1,-1,-1,75,81,62,56,51,-1,-1,60,57,54,-1,-1,-1,-1,-1,-1,-1,-1,71,62,59,-1,-1,-1,-1,-1,-1,-1,-1,-1,-1,-1,-1,-1,-1,72,68,-1,-1,-1,-1,31,-1,86,90,-1,-1,71,67,-1,-1,66,63,90,-1,-1,-1,-1,-1,73,-1,-1,73,78,81,-1,75,71,-1,-1,-1,-1,-1,-1,-1,-1,-1,-1,-1,64,68,-1,-1,80,84,100,-1,-1,-1,-1,10,5,10,16
W New York Times Square,27,33,25,42,-1,71,78,85,46,41,47,52,27,15,20,46,-1,-1,100,57,68,71,76,86,48,40,38,31,33,36,29,41,28,28,31,33,60,59,61,66,-1,15,24,27,83,43,45,51,-1,-1,-1,-1,72,-1,70,82,18,24,29,38,4,2,11,-1,-1,44,50,56,-1,35,33,27,-1,-1,-1,-1,9,9,4,0,65,71,76,85,-1,-1,-1,-1,87,-1,84,84,73,69,-1,83,-1,-1,-1,-1,75,83,-1,54,-1,-1,-1,-1,-1,-1,-1,-1,-1,-1,-1,58,53,-1,71,-1,-1,-1,-1,-1,86,-1,-1,-1,-1,-1,-1,-1,55,53,46,61,13,-1,-1,-1,-1,6,28,27,-1,-1,-1,-1,-1,58,57,65,-1,20,19,45,13,15,18,64
Waldorf Astoria New York,38,18,35,-1,67,60,54,-1,59,72,-1,-1,8,13,11,21,-1,-1,-1,-1,-1,-1,-1,-1,64,67,62,60,-1,-1,-1,-1,-1,-1,-1,-1,67,-1,68,68,-1,-1,-1,-1,-1,46,44,-1,-1,-1,50,49,81,-1,-1,-1,19,28,37,-1,15,26,17,17,57,59,19,40,-1,-1,30,43,-1,-1,-1,-1,-1,-1,0,-1,49,-1,-1,-1,54,-1,54,-1,-1,-1,-1,-1,-1,-1,-1,-1,-1,-1,76,-1,-1,-1,90,38,-1,-1,-1,36,28,28,40,-1,57,43,24,30,52,52,56,51,-1,48,69,57,65,-1,76,-1,-1,-1,-1,-1,-1,71,61,64,20,22,20,32,43,17,5,9,74,60,-1,-1,-1,100,86,-1,6,6,9,6,-1,-1,34,-1
Westin New York at Times Square,35,39,42,46,22,27,30,67,20,25,28,-1,7,11,19,-1,40,45,49,-1,44,49,53,90,-1,37,34,50,15,16,19,-1,29,21,20,14,-1,48,40,37,-1,21,15,13,52,44,41,34,44,47,52,-1,-1,-1,82,-1,25,31,34,-1,1,4,12,19,38,44,49,-1,-1,27,23,45,-1,28,-1,19,-1,11,-1,8,56,53,58,77,-1,47,40,57,-1,100,71,87,34,36,43,-1,-1,49,46,-1,-1,-1,-1,-1,-1,30,21,22,-1,57,52,-1,-1,27,23,27,-1,42,28,32,-1,27,24,20,-1,69,-1,81,73,80,86,-1,57,47,62,-1,0,14,9,7,-1,-1,-1,-1,-1,65,69,-1,-1,51,61,-1,-1,16,-1,14,3,7,8,8
Wyndham Garden - Manhattan Chelsea West,-1,26,-1,-1,-1,-1,-1,-1,-1,39,-1,-1,-1,-1,-1,-1,-1,62,-1,-1,-1,-1,-1,-1,-1,34,40,-1,-1,-1,-1,-1,-1,47,-1,-1,-1,-1,-1,-1,-1,32,20,-1,-1,69,-1,-1,-1,-1,-1,-1,-1,-1,-1,-1,36,16,-1,-1,-1,-1,-1,-1,71,44,44,-1,37,26,49,-1,-1,-1,-1,-1,0,0,3,-1,-1,-1,-1,-1,-1,-1,-1,-1,-1,-1,-1,-1,-1,-1,-1,-1,57,57,59,-1,-1,-1,-1,-1,-1,-1,29,-1,-1,100,-1,-1,-1,-1,-1,-1,-1,-1,-1,-1,-1,-1,-1,-1,-1,86,86,-1,-1,-1,-1,-1,34,38,47,-1,-1,-1,-1,-1,-1,-1,-1,-1,-1,-1,-1,-1,-1,-1,-1,-1,-1,-1,-1,-1,-1,-1,-1,-1
Wyndham Garden Brooklyn Sunset Park,-1,13,19,-1,-1,54,62,75,-1,16,-1,-1,49,29,28,-1,65,40,43,-1,-1,54,81,57,-1,10,16,-1,-1,63,-1,-1,-1,-1,16,-1,85,-1,54,65,-1,-1,13,-1,65,59,54,57,-1,-1,45,-1,73,58,-1,-1,-1,4,19,-1,-1,10,-1,-1,-1,13,6,-1,-1,6,13,-1,-1,66,54,75,2,0,4,-1,-1,54,97,-1,-1,43,34,57,-1,76,86,-1,-1,-1,-1,-1,-1,0,25,-1,-1,-1,-1,-1,-1,-1,2,-1,-1,-1,-1,-1,-1,81,-1,-1,-1,49,54,-1,-1,0,4,-1,78,49,54,-1,100,93,-1,-1,10,10,16,-1,-1,-1,-1,-1,-1,-1,-1,-1,-1,54,49,49,-1,16,10,-1,69,69,-1,-1,-1,30,33,-1
Wyndham Garden Chinatown,-1,-1,-1,-1,-1,-1,-1,-1,-1,-1,-1,-1,-1,-1,-1,-1,-1,-1,-1,-1,-1,-1,-1,-1,-1,98,70,-1,-1,-1,-1,-1,-1,-1,-1,-1,-1,-1,-1,-1,-1,-1,-1,-1,-1,-1,-1,-1,-1,-1,-1,-1,-1,-1,-1,-1,-1,-1,-1,-1,-1,-1,-1,-1,-1,-1,-1,-1,-1,43,47,-1,-1,-1,-1,-1,0,7,9,-1,-1,-1,-1,-1,100,72,77,100,-1,-1,-1,-1,-1,-1,-1,-1,56,58,-1,-1,-1,-1,-1,-1,-1,-1,-1,-1,-1,-1,-1,-1,-1,-1,-1,-1,-1,-1,-1,-1,-1,39,50,-1,-1,-1,-1,-1,-1,-1,-1,-1,76,65,-1,-1,-1,-1,-1,-1,-1,-1,-1,-1,-1,-1,-1,-1,-1,-1,-1,-1,-1,-1,-1,-1,-1,-1,-1,-1
Wyndham Garden Long Island City Manhattan View,31,33,-1,-1,-1,-1,78,-1,-1,-1,-1,-1,-1,29,-1,-1,-1,-1,-1,-1,-1,40,-1,-1,-1,-1,-1,-1,-1,45,-1,-1,-1,-1,-1,-1,-1,-1,-1,-1,-1,-1,-1,-1,-1,-1,-1,-1,-1,-1,-1,-1,-1,-1,-1,-1,-1,-1,-1,-1,-1,0,-1,-1,-1,33,-1,-1,-1,14,-1,-1,-1,-1,-1,-1,-1,-1,-1,-1,-1,-1,-1,-1,-1,-1,-1,-1,-1,-1,-1,-1,-1,-1,-1,-1,51,53,-1,-1,-1,-1,-1,-1,34,-1,-1,-1,-1,-1,-1,-1,-1,-1,-1,-1,-1,97,-1,-1,-1,51,-1,-1,-1,-1,-1,-1,-1,-1,-1,-1,-1,23,-1,-1,-1,-1,-1,-1,-1,-1,-1,-1,-1,-1,100,-1,-1,-1,-1,-1,-1,-1,-1,-1,-1,36,-1,-1
Wyndham New Yorker,-1,-1,-1,-1,-1,-1,-1,-1,-1,-1,-1,-1,-1,-1,-1,-1,-1,26,24,-1,-1,-1,-1,-1,-1,-1,-1,-1,-1,-1,-1,-1,-1,-1,-1,-1,-1,-1,-1,-1,-1,-1,-1,-1,65,6,62,58,-1,-1,-1,-1,-1,-1,-1,-1,-1,-1,-1,-1,-1,-1,-1,-1,-1,33,63,-1,-1,-1,-1,-1,-1,-1,-1,-1,-1,-1,-1,-1,-1,-1,-1,-1,19,16,-1,-1,-1,-1,-1,-1,-1,-1,-1,-1,-1,44,25,-1,-1,-1,-1,-1,-1,-1,-1,-1,-1,-1,-1,-1,-1,-1,-1,-1,-1,-1,100,-1,-1,-1,-1,0,-1,-1,-1,-1,-1,-1,-1,-1,28,33,35,35,-1,-1,-1,-1,-1,-1,-1,-1,-1,-1,-1,-1,-1,-1,-1,-1,-1,-1,-1,-1,-1,-1,-1,-1
ink48 hotel a Kimpton Hotel,-1,94,-1,-1,-1,-1,-1,-1,88,86,-1,88,13,13,19,-1,-1,-1,-1,-1,-1,-1,-1,-1,88,91,-1,-1,-1,45,71,-1,66,82,79,-1,-1,-1,-1,-1,-1,-1,-1,-1,-1,-1,-1,-1,-1,-1,-1,-1,-1,-1,-1,-1,-1,-1,-1,-1,-1,-1,-1,-1,-1,-1,100,-1,-1,-1,-1,-1,-1,-1,78,-1,-1,-1,-1,-1,-1,-1,-1,-1,-1,-1,-1,-1,-1,-1,-1,-1,-1,-1,-1,-1,-1,71,-1,-1,64,-1,78,-1,-1,-1,25,36,-1,-1,-1,-1,-1,-1,-1,-1,-1,-1,93,-1,-1,-1,66,-1,97,70,67,77,-1,-1,-1,-1,-1,-1,-1,-1,22,16,10,13,0,10,16,-1,-1,-1,-1,-1,-1,-1,-1,-1,-1,51,-1,-1,-1,-1,-1,-1
